timestamp,Delta,Theta,Alpha,Beta,Gamma,AccX,AccY,AccZ,PPG1,PPG2,PPG3
2025-04-24T23:29:35.452Z,NaN,NaN,NaN,NaN,NaN,-0.10699462890625,-0.06854248046875,-0.9803466796875,0,11260293,0
2025-04-24T23:29:35.467Z,NaN,NaN,NaN,NaN,NaN,-0.10699462890625,-0.06854248046875,-0.9803466796875,0,11260293,0
2025-04-24T23:29:35.476Z,NaN,NaN,NaN,NaN,NaN,-0.10699462890625,-0.06854248046875,-0.9803466796875,0,11260293,0
2025-04-24T23:29:35.484Z,NaN,NaN,NaN,NaN,NaN,-0.10699462890625,-0.06854248046875,-0.9803466796875,0,11260293,0
2025-04-24T23:29:35.493Z,NaN,NaN,NaN,NaN,NaN,-0.10699462890625,-0.06854248046875,-0.9803466796875,0,11260293,0
2025-04-24T23:29:35.500Z,NaN,NaN,NaN,NaN,NaN,-0.10699462890625,-0.06854248046875,-0.9803466796875,0,11260293,0
2025-04-24T23:29:35.509Z,NaN,NaN,NaN,NaN,NaN,-0.10699462890625,-0.06854248046875,-0.9803466796875,0,11260293,0
2025-04-24T23:29:35.517Z,NaN,NaN,NaN,NaN,NaN,-0.10699462890625,-0.06854248046875,-0.9803466796875,0,11260293,0
2025-04-24T23:29:35.525Z,NaN,NaN,NaN,NaN,NaN,-0.10699462890625,-0.06854248046875,-0.9803466796875,0,11260293,0
2025-04-24T23:29:35.535Z,NaN,NaN,NaN,NaN,NaN,-0.10650634765625,-0.071533203125,-0.978271484375,0,11260293,0
2025-04-24T23:29:35.545Z,NaN,NaN,NaN,NaN,NaN,-0.10650634765625,-0.071533203125,-0.978271484375,0,11260293,0
2025-04-24T23:29:35.553Z,NaN,NaN,NaN,NaN,NaN,-0.10650634765625,-0.071533203125,-0.978271484375,0,11260293,0
2025-04-24T23:29:35.561Z,NaN,NaN,NaN,NaN,NaN,-0.10650634765625,-0.071533203125,-0.978271484375,0,11260293,0
2025-04-24T23:29:35.569Z,NaN,NaN,NaN,NaN,NaN,-0.10650634765625,-0.071533203125,-0.978271484375,0,11260293,0
2025-04-24T23:29:35.578Z,NaN,NaN,NaN,NaN,NaN,-0.10650634765625,-0.071533203125,-0.978271484375,0,11260293,0
2025-04-24T23:29:35.587Z,NaN,NaN,NaN,NaN,NaN,-0.10650634765625,-0.071533203125,-0.978271484375,0,11260293,0
2025-04-24T23:29:35.598Z,NaN,NaN,NaN,NaN,NaN,-0.10650634765625,-0.071533203125,-0.978271484375,0,11260293,0
2025-04-24T23:29:35.608Z,NaN,NaN,NaN,NaN,NaN,-0.10650634765625,-0.071533203125,-0.978271484375,0,11260293,0
2025-04-24T23:29:35.615Z,NaN,NaN,NaN,NaN,NaN,-0.10650634765625,-0.071533203125,-0.978271484375,0,11260293,0
2025-04-24T23:29:35.625Z,NaN,NaN,NaN,NaN,NaN,-0.10650634765625,-0.071533203125,-0.978271484375,0,11260293,0
2025-04-24T23:29:35.634Z,NaN,NaN,NaN,NaN,NaN,-0.10650634765625,-0.071533203125,-0.978271484375,0,11260293,0
2025-04-24T23:29:35.652Z,NaN,NaN,NaN,NaN,NaN,-0.11090087890625,-0.0650634765625,-0.976806640625,0,11271575,0
2025-04-24T23:29:35.662Z,NaN,NaN,NaN,NaN,NaN,-0.11090087890625,-0.0650634765625,-0.976806640625,0,11271575,0
2025-04-24T23:29:35.669Z,NaN,NaN,NaN,NaN,NaN,-0.11090087890625,-0.0650634765625,-0.976806640625,0,11271575,0
2025-04-24T23:29:35.676Z,NaN,NaN,NaN,NaN,NaN,-0.11090087890625,-0.0650634765625,-0.976806640625,0,11271575,0
2025-04-24T23:29:35.684Z,NaN,NaN,NaN,NaN,NaN,-0.11090087890625,-0.0650634765625,-0.976806640625,0,11271575,0
2025-04-24T23:29:35.692Z,NaN,NaN,NaN,NaN,NaN,-0.11090087890625,-0.0650634765625,-0.976806640625,0,11271575,0
2025-04-24T23:29:35.698Z,NaN,NaN,NaN,NaN,NaN,-0.11090087890625,-0.0650634765625,-0.976806640625,0,11271575,0
2025-04-24T23:29:35.707Z,NaN,NaN,NaN,NaN,NaN,-0.11090087890625,-0.0650634765625,-0.976806640625,0,11271575,0
2025-04-24T23:29:35.714Z,NaN,NaN,NaN,NaN,NaN,-0.11090087890625,-0.0650634765625,-0.976806640625,0,11271575,0
2025-04-24T23:29:35.725Z,NaN,NaN,NaN,NaN,NaN,-0.11090087890625,-0.0650634765625,-0.976806640625,0,11271575,0
2025-04-24T23:29:35.732Z,NaN,NaN,NaN,NaN,NaN,-0.11090087890625,-0.0650634765625,-0.976806640625,0,11271575,0
2025-04-24T23:29:35.739Z,NaN,NaN,NaN,NaN,NaN,-0.11090087890625,-0.0650634765625,-0.976806640625,0,11271575,0
2025-04-24T23:29:35.746Z,NaN,NaN,NaN,NaN,NaN,-0.11090087890625,-0.0650634765625,-0.976806640625,0,11271575,0
2025-04-24T23:29:35.753Z,NaN,NaN,NaN,NaN,NaN,-0.11090087890625,-0.0650634765625,-0.976806640625,0,11271575,0
2025-04-24T23:29:35.761Z,NaN,NaN,NaN,NaN,NaN,-0.11090087890625,-0.0650634765625,-0.976806640625,0,11271575,0
2025-04-24T23:29:35.769Z,NaN,NaN,NaN,NaN,NaN,-0.11090087890625,-0.0650634765625,-0.976806640625,0,11271575,0
2025-04-24T23:29:35.775Z,NaN,NaN,NaN,NaN,NaN,-0.11090087890625,-0.0650634765625,-0.976806640625,0,11271575,0
2025-04-24T23:29:35.783Z,NaN,NaN,NaN,NaN,NaN,-0.11090087890625,-0.0650634765625,-0.976806640625,0,11271575,0
2025-04-24T23:29:35.789Z,NaN,NaN,NaN,NaN,NaN,-0.11090087890625,-0.0650634765625,-0.976806640625,0,11271575,0
2025-04-24T23:29:35.797Z,NaN,NaN,NaN,NaN,NaN,-0.11090087890625,-0.0650634765625,-0.976806640625,0,11271575,0
2025-04-24T23:29:35.805Z,NaN,NaN,NaN,NaN,NaN,-0.11090087890625,-0.0650634765625,-0.976806640625,0,11271575,0
2025-04-24T23:29:35.813Z,NaN,NaN,NaN,NaN,NaN,-0.11090087890625,-0.0650634765625,-0.976806640625,0,11271575,0
2025-04-24T23:29:35.821Z,NaN,NaN,NaN,NaN,NaN,-0.11090087890625,-0.0650634765625,-0.976806640625,0,11271575,0
2025-04-24T23:29:35.829Z,NaN,NaN,NaN,NaN,NaN,-0.11090087890625,-0.0650634765625,-0.976806640625,0,11271575,0
2025-04-24T23:29:35.839Z,NaN,NaN,NaN,NaN,NaN,-0.1065673828125,-0.07177734375,-0.97686767578125,0,11230476,0
2025-04-24T23:29:35.847Z,NaN,NaN,NaN,NaN,NaN,-0.1065673828125,-0.07177734375,-0.97686767578125,0,11230476,0
2025-04-24T23:29:35.854Z,NaN,NaN,NaN,NaN,NaN,-0.1065673828125,-0.07177734375,-0.97686767578125,0,11230476,0
2025-04-24T23:29:35.861Z,NaN,NaN,NaN,NaN,NaN,-0.1065673828125,-0.07177734375,-0.97686767578125,0,11230476,0
2025-04-24T23:29:35.868Z,NaN,NaN,NaN,NaN,NaN,-0.1065673828125,-0.07177734375,-0.97686767578125,0,11230476,0
2025-04-24T23:29:35.876Z,NaN,NaN,NaN,NaN,NaN,-0.1065673828125,-0.07177734375,-0.97686767578125,0,11230476,0
2025-04-24T23:29:35.883Z,NaN,NaN,NaN,NaN,NaN,-0.1065673828125,-0.07177734375,-0.97686767578125,0,11230476,0
2025-04-24T23:29:35.890Z,NaN,NaN,NaN,NaN,NaN,-0.1065673828125,-0.07177734375,-0.97686767578125,0,11230476,0
2025-04-24T23:29:35.900Z,NaN,NaN,NaN,NaN,NaN,-0.1065673828125,-0.07177734375,-0.97686767578125,0,11230476,0
2025-04-24T23:29:35.911Z,NaN,NaN,NaN,NaN,NaN,-0.1065673828125,-0.07177734375,-0.97686767578125,0,11230476,0
2025-04-24T23:29:35.929Z,NaN,NaN,NaN,NaN,NaN,-0.1065673828125,-0.07177734375,-0.97686767578125,0,11230476,0
2025-04-24T23:29:35.936Z,NaN,NaN,NaN,NaN,NaN,-0.1065673828125,-0.07177734375,-0.97686767578125,0,11230476,0
2025-04-24T23:29:35.944Z,NaN,NaN,NaN,NaN,NaN,-0.1072998046875,-0.0633544921875,-0.9755859375,0,11230476,0
2025-04-24T23:29:35.951Z,NaN,NaN,NaN,NaN,NaN,-0.1072998046875,-0.0633544921875,-0.9755859375,0,11230476,0
2025-04-24T23:29:35.959Z,NaN,NaN,NaN,NaN,NaN,-0.1072998046875,-0.0633544921875,-0.9755859375,0,11230476,0
2025-04-24T23:29:35.966Z,NaN,NaN,NaN,NaN,NaN,-0.1072998046875,-0.0633544921875,-0.9755859375,0,11230476,0
2025-04-24T23:29:35.973Z,NaN,NaN,NaN,NaN,NaN,-0.1072998046875,-0.0633544921875,-0.9755859375,0,11230476,0
2025-04-24T23:29:35.983Z,NaN,NaN,NaN,NaN,NaN,-0.1072998046875,-0.0633544921875,-0.9755859375,0,11230476,0
2025-04-24T23:29:35.990Z,NaN,NaN,NaN,NaN,NaN,-0.1072998046875,-0.0633544921875,-0.9755859375,0,11230476,0
2025-04-24T23:29:35.997Z,NaN,NaN,NaN,NaN,NaN,-0.1072998046875,-0.0633544921875,-0.9755859375,0,11230476,0
2025-04-24T23:29:36.007Z,NaN,NaN,NaN,NaN,NaN,-0.1072998046875,-0.0633544921875,-0.9755859375,0,11230476,0
2025-04-24T23:29:36.014Z,NaN,NaN,NaN,NaN,NaN,-0.1072998046875,-0.0633544921875,-0.9755859375,0,11230476,0
2025-04-24T23:29:36.022Z,NaN,NaN,NaN,NaN,NaN,-0.1072998046875,-0.0633544921875,-0.9755859375,0,11230476,0
2025-04-24T23:29:36.030Z,NaN,NaN,NaN,NaN,NaN,-0.1072998046875,-0.0633544921875,-0.9755859375,0,11230476,0
2025-04-24T23:29:36.044Z,NaN,NaN,NaN,NaN,NaN,-0.106689453125,-0.07073974609375,-0.97637939453125,0,11230476,0
2025-04-24T23:29:36.054Z,NaN,NaN,NaN,NaN,NaN,-0.106689453125,-0.07073974609375,-0.97637939453125,0,11230476,0
2025-04-24T23:29:36.061Z,NaN,NaN,NaN,NaN,NaN,-0.106689453125,-0.07073974609375,-0.97637939453125,0,11230476,0
2025-04-24T23:29:36.071Z,NaN,NaN,NaN,NaN,NaN,-0.106689453125,-0.07073974609375,-0.97637939453125,0,11230476,0
2025-04-24T23:29:36.080Z,NaN,NaN,NaN,NaN,NaN,-0.106689453125,-0.07073974609375,-0.97637939453125,0,11230476,0
2025-04-24T23:29:36.092Z,NaN,NaN,NaN,NaN,NaN,-0.106689453125,-0.07073974609375,-0.97637939453125,0,11230476,0
2025-04-24T23:29:36.102Z,NaN,NaN,NaN,NaN,NaN,-0.106689453125,-0.07073974609375,-0.97637939453125,0,11230476,0
2025-04-24T23:29:36.112Z,NaN,NaN,NaN,NaN,NaN,-0.106689453125,-0.07073974609375,-0.97637939453125,0,11230476,0
2025-04-24T23:29:36.121Z,NaN,NaN,NaN,NaN,NaN,-0.106689453125,-0.07073974609375,-0.97637939453125,0,11230476,0
2025-04-24T23:29:36.134Z,NaN,NaN,NaN,NaN,NaN,-0.106689453125,-0.07073974609375,-0.97637939453125,0,11230476,0
2025-04-24T23:29:36.144Z,NaN,NaN,NaN,NaN,NaN,-0.106689453125,-0.07073974609375,-0.97637939453125,0,11230476,0
2025-04-24T23:29:36.153Z,NaN,NaN,NaN,NaN,NaN,-0.106689453125,-0.07073974609375,-0.97637939453125,0,11230476,0
2025-04-24T23:29:36.162Z,NaN,NaN,NaN,NaN,NaN,-0.110107421875,-0.0667724609375,-0.97515869140625,0,11230476,0
2025-04-24T23:29:36.170Z,NaN,NaN,NaN,NaN,NaN,-0.110107421875,-0.0667724609375,-0.97515869140625,0,11230476,0
2025-04-24T23:29:36.178Z,NaN,NaN,NaN,NaN,NaN,-0.110107421875,-0.0667724609375,-0.97515869140625,0,11230476,0
2025-04-24T23:29:36.185Z,NaN,NaN,NaN,NaN,NaN,-0.110107421875,-0.0667724609375,-0.97515869140625,0,11230476,0
2025-04-24T23:29:36.196Z,NaN,NaN,NaN,NaN,NaN,-0.110107421875,-0.0667724609375,-0.97515869140625,0,11230476,0
2025-04-24T23:29:36.203Z,NaN,NaN,NaN,NaN,NaN,-0.110107421875,-0.0667724609375,-0.97515869140625,0,11230476,0
2025-04-24T23:29:36.211Z,NaN,NaN,NaN,NaN,NaN,-0.110107421875,-0.0667724609375,-0.97515869140625,0,11230476,0
2025-04-24T23:29:36.218Z,NaN,NaN,NaN,NaN,NaN,-0.110107421875,-0.0667724609375,-0.97515869140625,0,11230476,0
2025-04-24T23:29:36.225Z,NaN,NaN,NaN,NaN,NaN,-0.110107421875,-0.0667724609375,-0.97515869140625,0,11230476,0
2025-04-24T23:29:36.232Z,NaN,NaN,NaN,NaN,NaN,-0.110107421875,-0.0667724609375,-0.97515869140625,0,11230476,0
2025-04-24T23:29:36.238Z,NaN,NaN,NaN,NaN,NaN,-0.110107421875,-0.0667724609375,-0.97515869140625,0,11230476,0
2025-04-24T23:29:36.245Z,NaN,NaN,NaN,NaN,NaN,-0.110107421875,-0.0667724609375,-0.97515869140625,0,11230476,0
2025-04-24T23:29:36.253Z,NaN,NaN,NaN,NaN,NaN,-0.110107421875,-0.0667724609375,-0.97515869140625,0,11259487,0
2025-04-24T23:29:36.261Z,NaN,NaN,NaN,NaN,NaN,-0.110107421875,-0.0667724609375,-0.97515869140625,0,11259487,0
2025-04-24T23:29:36.267Z,NaN,NaN,NaN,NaN,NaN,-0.110107421875,-0.0667724609375,-0.97515869140625,0,11259487,0
2025-04-24T23:29:36.275Z,NaN,NaN,NaN,NaN,NaN,-0.110107421875,-0.0667724609375,-0.97515869140625,0,11259487,0
2025-04-24T23:29:36.281Z,NaN,NaN,NaN,NaN,NaN,-0.110107421875,-0.0667724609375,-0.97515869140625,0,11259487,0
2025-04-24T23:29:36.289Z,NaN,NaN,NaN,NaN,NaN,-0.110107421875,-0.0667724609375,-0.97515869140625,0,11259487,0
2025-04-24T23:29:36.296Z,NaN,NaN,NaN,NaN,NaN,-0.110107421875,-0.0667724609375,-0.97515869140625,0,11259487,0
2025-04-24T23:29:36.305Z,NaN,NaN,NaN,NaN,NaN,-0.110107421875,-0.0667724609375,-0.97515869140625,0,11259487,0
2025-04-24T23:29:36.312Z,NaN,NaN,NaN,NaN,NaN,-0.110107421875,-0.0667724609375,-0.97515869140625,0,11259487,0
2025-04-24T23:29:36.320Z,NaN,NaN,NaN,NaN,NaN,-0.110107421875,-0.0667724609375,-0.97515869140625,0,11259487,0
2025-04-24T23:29:36.326Z,NaN,NaN,NaN,NaN,NaN,-0.110107421875,-0.0667724609375,-0.97515869140625,0,11259487,0
2025-04-24T23:29:36.333Z,NaN,NaN,NaN,NaN,NaN,-0.110107421875,-0.0667724609375,-0.97515869140625,0,11259487,0
2025-04-24T23:29:36.342Z,NaN,NaN,NaN,NaN,NaN,-0.10638427734375,-0.0694580078125,-0.9769287109375,0,11259487,0
2025-04-24T23:29:36.349Z,NaN,NaN,NaN,NaN,NaN,-0.10638427734375,-0.0694580078125,-0.9769287109375,0,11259487,0
2025-04-24T23:29:36.357Z,NaN,NaN,NaN,NaN,NaN,-0.10638427734375,-0.0694580078125,-0.9769287109375,0,11259487,0
2025-04-24T23:29:36.364Z,NaN,NaN,NaN,NaN,NaN,-0.10638427734375,-0.0694580078125,-0.9769287109375,0,11259487,0
2025-04-24T23:29:36.370Z,NaN,NaN,NaN,NaN,NaN,-0.10638427734375,-0.0694580078125,-0.9769287109375,0,11259487,0
2025-04-24T23:29:36.378Z,NaN,NaN,NaN,NaN,NaN,-0.10638427734375,-0.0694580078125,-0.9769287109375,0,11259487,0
2025-04-24T23:29:36.384Z,NaN,NaN,NaN,NaN,NaN,-0.10638427734375,-0.0694580078125,-0.9769287109375,0,11259487,0
2025-04-24T23:29:36.391Z,NaN,NaN,NaN,NaN,NaN,-0.10638427734375,-0.0694580078125,-0.9769287109375,0,11259487,0
2025-04-24T23:29:36.397Z,NaN,NaN,NaN,NaN,NaN,-0.10638427734375,-0.0694580078125,-0.9769287109375,0,11259487,0
2025-04-24T23:29:36.405Z,NaN,NaN,NaN,NaN,NaN,-0.10638427734375,-0.0694580078125,-0.9769287109375,0,11259487,0
2025-04-24T23:29:36.413Z,NaN,NaN,NaN,NaN,NaN,-0.10638427734375,-0.0694580078125,-0.9769287109375,0,11259487,0
2025-04-24T23:29:36.420Z,NaN,NaN,NaN,NaN,NaN,-0.10638427734375,-0.0694580078125,-0.9769287109375,0,11259487,0
2025-04-24T23:29:36.430Z,NaN,NaN,NaN,NaN,NaN,-0.1090087890625,-0.06658935546875,-0.97735595703125,0,11248205,0
2025-04-24T23:29:36.438Z,NaN,NaN,NaN,NaN,NaN,-0.1090087890625,-0.06658935546875,-0.97735595703125,0,11248205,0
2025-04-24T23:29:36.444Z,NaN,NaN,NaN,NaN,NaN,-0.1090087890625,-0.06658935546875,-0.97735595703125,0,11248205,0
2025-04-24T23:29:36.452Z,NaN,NaN,NaN,NaN,NaN,-0.1090087890625,-0.06658935546875,-0.97735595703125,0,11248205,0
2025-04-24T23:29:36.460Z,NaN,NaN,NaN,NaN,NaN,-0.1090087890625,-0.06658935546875,-0.97735595703125,0,11248205,0
2025-04-24T23:29:36.469Z,NaN,NaN,NaN,NaN,NaN,-0.1090087890625,-0.06658935546875,-0.97735595703125,0,11248205,0
2025-04-24T23:29:36.475Z,NaN,NaN,NaN,NaN,NaN,-0.1090087890625,-0.06658935546875,-0.97735595703125,0,11248205,0
2025-04-24T23:29:36.480Z,NaN,NaN,NaN,NaN,NaN,-0.1090087890625,-0.06658935546875,-0.97735595703125,0,11248205,0
2025-04-24T23:29:36.486Z,NaN,NaN,NaN,NaN,NaN,-0.1090087890625,-0.06658935546875,-0.97735595703125,0,11248205,0
2025-04-24T23:29:36.492Z,NaN,NaN,NaN,NaN,NaN,-0.1090087890625,-0.06658935546875,-0.97735595703125,0,11248205,0
2025-04-24T23:29:36.498Z,NaN,NaN,NaN,NaN,NaN,-0.1090087890625,-0.06658935546875,-0.97735595703125,0,11248205,0
2025-04-24T23:29:36.504Z,NaN,NaN,NaN,NaN,NaN,-0.1090087890625,-0.06658935546875,-0.97735595703125,0,11248205,0
2025-04-24T23:29:36.511Z,NaN,NaN,NaN,NaN,NaN,-0.1077880859375,-0.0703125,-0.98040771484375,0,11248205,0
2025-04-24T23:29:36.518Z,NaN,NaN,NaN,NaN,NaN,-0.1077880859375,-0.0703125,-0.98040771484375,0,11248205,0
2025-04-24T23:29:36.526Z,NaN,NaN,NaN,NaN,NaN,-0.1077880859375,-0.0703125,-0.98040771484375,0,11248205,0
2025-04-24T23:29:36.534Z,NaN,NaN,NaN,NaN,NaN,-0.1077880859375,-0.0703125,-0.98040771484375,0,11248205,0
2025-04-24T23:29:36.542Z,NaN,NaN,NaN,NaN,NaN,-0.1077880859375,-0.0703125,-0.98040771484375,0,11248205,0
2025-04-24T23:29:36.551Z,NaN,NaN,NaN,NaN,NaN,-0.1077880859375,-0.0703125,-0.98040771484375,0,11248205,0
2025-04-24T23:29:36.558Z,NaN,NaN,NaN,NaN,NaN,-0.1077880859375,-0.0703125,-0.98040771484375,0,11248205,0
2025-04-24T23:29:36.568Z,NaN,NaN,NaN,NaN,NaN,-0.1077880859375,-0.0703125,-0.98040771484375,0,11248205,0
2025-04-24T23:29:36.576Z,NaN,NaN,NaN,NaN,NaN,-0.1077880859375,-0.0703125,-0.98040771484375,0,11248205,0
2025-04-24T23:29:36.585Z,NaN,NaN,NaN,NaN,NaN,-0.1077880859375,-0.0703125,-0.98040771484375,0,11248205,0
2025-04-24T23:29:36.595Z,NaN,NaN,NaN,NaN,NaN,-0.1077880859375,-0.0703125,-0.98040771484375,0,11248205,0
2025-04-24T23:29:36.605Z,NaN,NaN,NaN,NaN,NaN,-0.1077880859375,-0.0703125,-0.98040771484375,0,11248205,0
2025-04-24T23:29:36.626Z,NaN,NaN,NaN,NaN,NaN,-0.1077880859375,-0.0703125,-0.98040771484375,0,11265934,0
2025-04-24T23:29:36.633Z,NaN,NaN,NaN,NaN,NaN,-0.1077880859375,-0.0703125,-0.98040771484375,0,11265934,0
2025-04-24T23:29:36.642Z,NaN,NaN,NaN,NaN,NaN,-0.1077880859375,-0.0703125,-0.98040771484375,0,11265934,0
2025-04-24T23:29:36.650Z,NaN,NaN,NaN,NaN,NaN,-0.1077880859375,-0.0703125,-0.98040771484375,0,11265934,0
2025-04-24T23:29:36.657Z,NaN,NaN,NaN,NaN,NaN,-0.1077880859375,-0.0703125,-0.98040771484375,0,11265934,0
2025-04-24T23:29:36.664Z,NaN,NaN,NaN,NaN,NaN,-0.1077880859375,-0.0703125,-0.98040771484375,0,11265934,0
2025-04-24T23:29:36.672Z,NaN,NaN,NaN,NaN,NaN,-0.1077880859375,-0.0703125,-0.98040771484375,0,11265934,0
2025-04-24T23:29:36.682Z,NaN,NaN,NaN,NaN,NaN,-0.1077880859375,-0.0703125,-0.98040771484375,0,11265934,0
2025-04-24T23:29:36.689Z,NaN,NaN,NaN,NaN,NaN,-0.1077880859375,-0.0703125,-0.98040771484375,0,11265934,0
2025-04-24T23:29:36.696Z,NaN,NaN,NaN,NaN,NaN,-0.1077880859375,-0.0703125,-0.98040771484375,0,11265934,0
2025-04-24T23:29:36.703Z,NaN,NaN,NaN,NaN,NaN,-0.1077880859375,-0.0703125,-0.98040771484375,0,11265934,0
2025-04-24T23:29:36.714Z,NaN,NaN,NaN,NaN,NaN,-0.1077880859375,-0.0703125,-0.98040771484375,0,11265934,0
2025-04-24T23:29:36.721Z,NaN,NaN,NaN,NaN,NaN,-0.110107421875,-0.06634521484375,-0.9781494140625,0,11265934,0
2025-04-24T23:29:36.732Z,NaN,NaN,NaN,NaN,NaN,-0.110107421875,-0.06634521484375,-0.9781494140625,0,11265934,0
2025-04-24T23:29:36.739Z,NaN,NaN,NaN,NaN,NaN,-0.110107421875,-0.06634521484375,-0.9781494140625,0,11265934,0
2025-04-24T23:29:36.747Z,NaN,NaN,NaN,NaN,NaN,-0.110107421875,-0.06634521484375,-0.9781494140625,0,11265934,0
2025-04-24T23:29:36.758Z,NaN,NaN,NaN,NaN,NaN,-0.110107421875,-0.06634521484375,-0.9781494140625,0,11265934,0
2025-04-24T23:29:36.765Z,NaN,NaN,NaN,NaN,NaN,-0.110107421875,-0.06634521484375,-0.9781494140625,0,11265934,0
2025-04-24T23:29:36.771Z,NaN,NaN,NaN,NaN,NaN,-0.110107421875,-0.06634521484375,-0.9781494140625,0,11265934,0
2025-04-24T23:29:36.784Z,NaN,NaN,NaN,NaN,NaN,-0.110107421875,-0.06634521484375,-0.9781494140625,0,11265934,0
2025-04-24T23:29:36.790Z,NaN,NaN,NaN,NaN,NaN,-0.110107421875,-0.06634521484375,-0.9781494140625,0,11265934,0
2025-04-24T23:29:36.797Z,NaN,NaN,NaN,NaN,NaN,-0.110107421875,-0.06634521484375,-0.9781494140625,0,11265934,0
2025-04-24T23:29:36.804Z,NaN,NaN,NaN,NaN,NaN,-0.110107421875,-0.06634521484375,-0.9781494140625,0,11265934,0
2025-04-24T23:29:36.816Z,NaN,NaN,NaN,NaN,NaN,-0.110107421875,-0.06634521484375,-0.9781494140625,0,11265934,0
2025-04-24T23:29:36.826Z,NaN,NaN,NaN,NaN,NaN,-0.10784912109375,-0.07470703125,-0.978515625,0,11238535,0
2025-04-24T23:29:36.833Z,NaN,NaN,NaN,NaN,NaN,-0.10784912109375,-0.07470703125,-0.978515625,0,11238535,0
2025-04-24T23:29:36.839Z,NaN,NaN,NaN,NaN,NaN,-0.10784912109375,-0.07470703125,-0.978515625,0,11238535,0
2025-04-24T23:29:36.845Z,NaN,NaN,NaN,NaN,NaN,-0.10784912109375,-0.07470703125,-0.978515625,0,11238535,0
2025-04-24T23:29:36.854Z,NaN,NaN,NaN,NaN,NaN,-0.10784912109375,-0.07470703125,-0.978515625,0,11238535,0
2025-04-24T23:29:36.861Z,NaN,NaN,NaN,NaN,NaN,-0.10784912109375,-0.07470703125,-0.978515625,0,11238535,0
2025-04-24T23:29:36.868Z,NaN,NaN,NaN,NaN,NaN,-0.10784912109375,-0.07470703125,-0.978515625,0,11238535,0
2025-04-24T23:29:36.875Z,NaN,NaN,NaN,NaN,NaN,-0.10784912109375,-0.07470703125,-0.978515625,0,11238535,0
2025-04-24T23:29:36.883Z,NaN,NaN,NaN,NaN,NaN,-0.10784912109375,-0.07470703125,-0.978515625,0,11238535,0
2025-04-24T23:29:36.890Z,NaN,NaN,NaN,NaN,NaN,-0.10784912109375,-0.07470703125,-0.978515625,0,11238535,0
2025-04-24T23:29:36.896Z,NaN,NaN,NaN,NaN,NaN,-0.10784912109375,-0.07470703125,-0.978515625,0,11238535,0
2025-04-24T23:29:36.903Z,NaN,NaN,NaN,NaN,NaN,-0.10784912109375,-0.07470703125,-0.978515625,0,11238535,0
2025-04-24T23:29:36.910Z,NaN,NaN,NaN,NaN,NaN,-0.1082763671875,-0.07025146484375,-0.97564697265625,0,11238535,0
2025-04-24T23:29:36.915Z,NaN,NaN,NaN,NaN,NaN,-0.1082763671875,-0.07025146484375,-0.97564697265625,0,11238535,0
2025-04-24T23:29:36.920Z,NaN,NaN,NaN,NaN,NaN,-0.1082763671875,-0.07025146484375,-0.97564697265625,0,11238535,0
2025-04-24T23:29:36.925Z,NaN,NaN,NaN,NaN,NaN,-0.1082763671875,-0.07025146484375,-0.97564697265625,0,11238535,0
2025-04-24T23:29:36.933Z,NaN,NaN,NaN,NaN,NaN,-0.1082763671875,-0.07025146484375,-0.97564697265625,0,11238535,0
2025-04-24T23:29:36.938Z,NaN,NaN,NaN,NaN,NaN,-0.1082763671875,-0.07025146484375,-0.97564697265625,0,11238535,0
2025-04-24T23:29:36.945Z,NaN,NaN,NaN,NaN,NaN,-0.1082763671875,-0.07025146484375,-0.97564697265625,0,11238535,0
2025-04-24T23:29:36.954Z,NaN,NaN,NaN,NaN,NaN,-0.1082763671875,-0.07025146484375,-0.97564697265625,0,11238535,0
2025-04-24T23:29:36.962Z,NaN,NaN,NaN,NaN,NaN,-0.1082763671875,-0.07025146484375,-0.97564697265625,0,11238535,0
2025-04-24T23:29:36.969Z,NaN,NaN,NaN,NaN,NaN,-0.1082763671875,-0.07025146484375,-0.97564697265625,0,11238535,0
2025-04-24T23:29:36.976Z,NaN,NaN,NaN,NaN,NaN,-0.1082763671875,-0.07025146484375,-0.97564697265625,0,11238535,0
2025-04-24T23:29:36.982Z,NaN,NaN,NaN,NaN,NaN,-0.1082763671875,-0.07025146484375,-0.97564697265625,0,11238535,0
2025-04-24T23:29:36.993Z,NaN,NaN,NaN,NaN,NaN,-0.1046142578125,-0.0712890625,-0.976318359375,0,11219194,0
2025-04-24T23:29:37.001Z,NaN,NaN,NaN,NaN,NaN,-0.1046142578125,-0.0712890625,-0.976318359375,0,11219194,0
2025-04-24T23:29:37.008Z,NaN,NaN,NaN,NaN,NaN,-0.1046142578125,-0.0712890625,-0.976318359375,0,11219194,0
2025-04-24T23:29:37.015Z,NaN,NaN,NaN,NaN,NaN,-0.1046142578125,-0.0712890625,-0.976318359375,0,11219194,0
2025-04-24T23:29:37.023Z,NaN,NaN,NaN,NaN,NaN,-0.1046142578125,-0.0712890625,-0.976318359375,0,11219194,0
2025-04-24T23:29:37.029Z,NaN,NaN,NaN,NaN,NaN,-0.1046142578125,-0.0712890625,-0.976318359375,0,11219194,0
2025-04-24T23:29:37.036Z,NaN,NaN,NaN,NaN,NaN,-0.1046142578125,-0.0712890625,-0.976318359375,0,11219194,0
2025-04-24T23:29:37.042Z,NaN,NaN,NaN,NaN,NaN,-0.1046142578125,-0.0712890625,-0.976318359375,0,11219194,0
2025-04-24T23:29:37.052Z,NaN,NaN,NaN,NaN,NaN,-0.1046142578125,-0.0712890625,-0.976318359375,0,11219194,0
2025-04-24T23:29:37.059Z,NaN,NaN,NaN,NaN,NaN,-0.1046142578125,-0.0712890625,-0.976318359375,0,11219194,0
2025-04-24T23:29:37.065Z,NaN,NaN,NaN,NaN,NaN,-0.1046142578125,-0.0712890625,-0.976318359375,0,11219194,0
2025-04-24T23:29:37.071Z,NaN,NaN,NaN,NaN,NaN,-0.1046142578125,-0.0712890625,-0.976318359375,0,11219194,0
2025-04-24T23:29:37.080Z,NaN,NaN,NaN,NaN,NaN,-0.1046142578125,-0.0712890625,-0.976318359375,0,11219194,0
2025-04-24T23:29:37.087Z,NaN,NaN,NaN,NaN,NaN,-0.1046142578125,-0.0712890625,-0.976318359375,0,11219194,0
2025-04-24T23:29:37.094Z,NaN,NaN,NaN,NaN,NaN,-0.1046142578125,-0.0712890625,-0.976318359375,0,11219194,0
2025-04-24T23:29:37.101Z,NaN,NaN,NaN,NaN,NaN,-0.1046142578125,-0.0712890625,-0.976318359375,0,11219194,0
2025-04-24T23:29:37.110Z,NaN,NaN,NaN,NaN,NaN,-0.1046142578125,-0.0712890625,-0.976318359375,0,11219194,0
2025-04-24T23:29:37.117Z,NaN,NaN,NaN,NaN,NaN,-0.1046142578125,-0.0712890625,-0.976318359375,0,11219194,0
2025-04-24T23:29:37.124Z,NaN,NaN,NaN,NaN,NaN,-0.1046142578125,-0.0712890625,-0.976318359375,0,11219194,0
2025-04-24T23:29:37.133Z,NaN,NaN,NaN,NaN,NaN,-0.1046142578125,-0.0712890625,-0.976318359375,0,11219194,0
2025-04-24T23:29:37.141Z,NaN,NaN,NaN,NaN,NaN,-0.1046142578125,-0.0712890625,-0.976318359375,0,11219194,0
2025-04-24T23:29:37.147Z,NaN,NaN,NaN,NaN,NaN,-0.1046142578125,-0.0712890625,-0.976318359375,0,11219194,0
2025-04-24T23:29:37.153Z,NaN,NaN,NaN,NaN,NaN,-0.1046142578125,-0.0712890625,-0.976318359375,0,11219194,0
2025-04-24T23:29:37.162Z,NaN,NaN,NaN,NaN,NaN,-0.1046142578125,-0.0712890625,-0.976318359375,0,11219194,0
2025-04-24T23:29:37.172Z,NaN,NaN,NaN,NaN,NaN,-0.10565185546875,-0.0675048828125,-0.9764404296875,0,11245788,0
2025-04-24T23:29:37.180Z,NaN,NaN,NaN,NaN,NaN,-0.10565185546875,-0.0675048828125,-0.9764404296875,0,11245788,0
2025-04-24T23:29:37.191Z,NaN,NaN,NaN,NaN,NaN,-0.10565185546875,-0.0675048828125,-0.9764404296875,0,11245788,0
2025-04-24T23:29:37.199Z,NaN,NaN,NaN,NaN,NaN,-0.10565185546875,-0.0675048828125,-0.9764404296875,0,11245788,0
2025-04-24T23:29:37.208Z,NaN,NaN,NaN,NaN,NaN,-0.10565185546875,-0.0675048828125,-0.9764404296875,0,11245788,0
2025-04-24T23:29:37.213Z,NaN,NaN,NaN,NaN,NaN,-0.10565185546875,-0.0675048828125,-0.9764404296875,0,11245788,0
2025-04-24T23:29:37.219Z,NaN,NaN,NaN,NaN,NaN,-0.10565185546875,-0.0675048828125,-0.9764404296875,0,11245788,0
2025-04-24T23:29:37.224Z,NaN,NaN,NaN,NaN,NaN,-0.10565185546875,-0.0675048828125,-0.9764404296875,0,11245788,0
2025-04-24T23:29:37.230Z,NaN,NaN,NaN,NaN,NaN,-0.10565185546875,-0.0675048828125,-0.9764404296875,0,11245788,0
2025-04-24T23:29:37.237Z,NaN,NaN,NaN,NaN,NaN,-0.10565185546875,-0.0675048828125,-0.9764404296875,0,11245788,0
2025-04-24T23:29:37.242Z,NaN,NaN,NaN,NaN,NaN,-0.10565185546875,-0.0675048828125,-0.9764404296875,0,11245788,0
2025-04-24T23:29:37.248Z,NaN,NaN,NaN,NaN,NaN,-0.10565185546875,-0.0675048828125,-0.9764404296875,0,11245788,0
2025-04-24T23:29:37.255Z,NaN,NaN,NaN,NaN,NaN,-0.1068115234375,-0.07025146484375,-0.98004150390625,0,11245788,0
2025-04-24T23:29:37.261Z,NaN,NaN,NaN,NaN,NaN,-0.1068115234375,-0.07025146484375,-0.98004150390625,0,11245788,0
2025-04-24T23:29:37.266Z,NaN,NaN,NaN,NaN,NaN,-0.1068115234375,-0.07025146484375,-0.98004150390625,0,11245788,0
2025-04-24T23:29:37.273Z,NaN,NaN,NaN,NaN,NaN,-0.1068115234375,-0.07025146484375,-0.98004150390625,0,11245788,0
2025-04-24T23:29:37.280Z,NaN,NaN,NaN,NaN,NaN,-0.1068115234375,-0.07025146484375,-0.98004150390625,0,11245788,0
2025-04-24T23:29:37.288Z,NaN,NaN,NaN,NaN,NaN,-0.1068115234375,-0.07025146484375,-0.98004150390625,0,11245788,0
2025-04-24T23:29:37.294Z,NaN,NaN,NaN,NaN,NaN,-0.1068115234375,-0.07025146484375,-0.98004150390625,0,11245788,0
2025-04-24T23:29:37.302Z,NaN,NaN,NaN,NaN,NaN,-0.1068115234375,-0.07025146484375,-0.98004150390625,0,11245788,0
2025-04-24T23:29:37.308Z,NaN,NaN,NaN,NaN,NaN,-0.1068115234375,-0.07025146484375,-0.98004150390625,0,11245788,0
2025-04-24T23:29:37.315Z,NaN,NaN,NaN,NaN,NaN,-0.1068115234375,-0.07025146484375,-0.98004150390625,0,11245788,0
2025-04-24T23:29:37.322Z,NaN,NaN,NaN,NaN,NaN,-0.1068115234375,-0.07025146484375,-0.98004150390625,0,11245788,0
2025-04-24T23:29:37.328Z,NaN,NaN,NaN,NaN,NaN,-0.1068115234375,-0.07025146484375,-0.98004150390625,0,11245788,0
2025-04-24T23:29:37.337Z,NaN,NaN,NaN,NaN,NaN,-0.10968017578125,-0.0650634765625,-0.97576904296875,0,11265934,0
2025-04-24T23:29:37.345Z,NaN,NaN,NaN,NaN,NaN,-0.10968017578125,-0.0650634765625,-0.97576904296875,0,11265934,0
2025-04-24T23:29:37.351Z,NaN,NaN,NaN,NaN,NaN,-0.10968017578125,-0.0650634765625,-0.97576904296875,0,11265934,0
2025-04-24T23:29:37.358Z,NaN,NaN,NaN,NaN,NaN,-0.10968017578125,-0.0650634765625,-0.97576904296875,0,11265934,0
2025-04-24T23:29:37.364Z,NaN,NaN,NaN,NaN,NaN,-0.10968017578125,-0.0650634765625,-0.97576904296875,0,11265934,0
2025-04-24T23:29:37.372Z,NaN,NaN,NaN,NaN,NaN,-0.10968017578125,-0.0650634765625,-0.97576904296875,0,11265934,0
2025-04-24T23:29:37.379Z,NaN,NaN,NaN,NaN,NaN,-0.10968017578125,-0.0650634765625,-0.97576904296875,0,11265934,0
2025-04-24T23:29:37.385Z,NaN,NaN,NaN,NaN,NaN,-0.10968017578125,-0.0650634765625,-0.97576904296875,0,11265934,0
2025-04-24T23:29:37.393Z,NaN,NaN,NaN,NaN,NaN,-0.10968017578125,-0.0650634765625,-0.97576904296875,0,11265934,0
2025-04-24T23:29:37.402Z,NaN,NaN,NaN,NaN,NaN,-0.10968017578125,-0.0650634765625,-0.97576904296875,0,11265934,0
2025-04-24T23:29:37.411Z,NaN,NaN,NaN,NaN,NaN,-0.10968017578125,-0.0650634765625,-0.97576904296875,0,11265934,0
2025-04-24T23:29:37.418Z,NaN,NaN,NaN,NaN,NaN,-0.10968017578125,-0.0650634765625,-0.97576904296875,0,11265934,0
2025-04-24T23:29:37.426Z,NaN,NaN,NaN,NaN,NaN,-0.10931396484375,-0.0750732421875,-0.97772216796875,0,11265934,0
2025-04-24T23:29:37.434Z,NaN,NaN,NaN,NaN,NaN,-0.10931396484375,-0.0750732421875,-0.97772216796875,0,11265934,0
2025-04-24T23:29:37.441Z,NaN,NaN,NaN,NaN,NaN,-0.10931396484375,-0.0750732421875,-0.97772216796875,0,11265934,0
2025-04-24T23:29:37.447Z,NaN,NaN,NaN,NaN,NaN,-0.10931396484375,-0.0750732421875,-0.97772216796875,0,11265934,0
2025-04-24T23:29:37.454Z,NaN,NaN,NaN,NaN,NaN,-0.10931396484375,-0.0750732421875,-0.97772216796875,0,11265934,0
2025-04-24T23:29:37.464Z,NaN,NaN,NaN,NaN,NaN,-0.10931396484375,-0.0750732421875,-0.97772216796875,0,11265934,0
2025-04-24T23:29:37.471Z,NaN,NaN,NaN,NaN,NaN,-0.10931396484375,-0.0750732421875,-0.97772216796875,0,11265934,0
2025-04-24T23:29:37.477Z,NaN,NaN,NaN,NaN,NaN,-0.10931396484375,-0.0750732421875,-0.97772216796875,0,11265934,0
2025-04-24T23:29:37.485Z,NaN,NaN,NaN,NaN,NaN,-0.10931396484375,-0.0750732421875,-0.97772216796875,0,11265934,0
2025-04-24T23:29:37.493Z,NaN,NaN,NaN,NaN,NaN,-0.10931396484375,-0.0750732421875,-0.97772216796875,0,11265934,0
2025-04-24T23:29:37.502Z,NaN,NaN,NaN,NaN,NaN,-0.10931396484375,-0.0750732421875,-0.97772216796875,0,11265934,0
2025-04-24T23:29:37.509Z,NaN,NaN,NaN,NaN,NaN,-0.10931396484375,-0.0750732421875,-0.97772216796875,0,11265934,0
2025-04-24T23:29:37.516Z,NaN,NaN,NaN,NaN,NaN,-0.10931396484375,-0.0750732421875,-0.97772216796875,0,11235311,0
2025-04-24T23:29:37.523Z,NaN,NaN,NaN,NaN,NaN,-0.10931396484375,-0.0750732421875,-0.97772216796875,0,11235311,0
2025-04-24T23:29:37.528Z,NaN,NaN,NaN,NaN,NaN,-0.10931396484375,-0.0750732421875,-0.97772216796875,0,11235311,0
2025-04-24T23:29:37.534Z,NaN,NaN,NaN,NaN,NaN,-0.10931396484375,-0.0750732421875,-0.97772216796875,0,11235311,0
2025-04-24T23:29:37.539Z,NaN,NaN,NaN,NaN,NaN,-0.10931396484375,-0.0750732421875,-0.97772216796875,0,11235311,0
2025-04-24T23:29:37.544Z,NaN,NaN,NaN,NaN,NaN,-0.10931396484375,-0.0750732421875,-0.97772216796875,0,11235311,0
2025-04-24T23:29:37.551Z,NaN,NaN,NaN,NaN,NaN,-0.10931396484375,-0.0750732421875,-0.97772216796875,0,11235311,0
2025-04-24T23:29:37.557Z,NaN,NaN,NaN,NaN,NaN,-0.10931396484375,-0.0750732421875,-0.97772216796875,0,11235311,0
2025-04-24T23:29:37.561Z,NaN,NaN,NaN,NaN,NaN,-0.10931396484375,-0.0750732421875,-0.97772216796875,0,11235311,0
2025-04-24T23:29:37.568Z,NaN,NaN,NaN,NaN,NaN,-0.10931396484375,-0.0750732421875,-0.97772216796875,0,11235311,0
2025-04-24T23:29:37.578Z,NaN,NaN,NaN,NaN,NaN,-0.10931396484375,-0.0750732421875,-0.97772216796875,0,11235311,0
2025-04-24T23:29:37.586Z,NaN,NaN,NaN,NaN,NaN,-0.10931396484375,-0.0750732421875,-0.97772216796875,0,11235311,0
2025-04-24T23:29:37.594Z,NaN,NaN,NaN,NaN,NaN,-0.1094970703125,-0.064208984375,-0.9849853515625,0,11235311,0
2025-04-24T23:29:37.600Z,NaN,NaN,NaN,NaN,NaN,-0.1094970703125,-0.064208984375,-0.9849853515625,0,11235311,0
2025-04-24T23:29:37.610Z,NaN,NaN,NaN,NaN,NaN,-0.1094970703125,-0.064208984375,-0.9849853515625,0,11235311,0
2025-04-24T23:29:37.616Z,NaN,NaN,NaN,NaN,NaN,-0.1094970703125,-0.064208984375,-0.9849853515625,0,11235311,0
2025-04-24T23:29:37.623Z,NaN,NaN,NaN,NaN,NaN,-0.1094970703125,-0.064208984375,-0.9849853515625,0,11235311,0
2025-04-24T23:29:37.630Z,NaN,NaN,NaN,NaN,NaN,-0.1094970703125,-0.064208984375,-0.9849853515625,0,11235311,0
2025-04-24T23:29:37.638Z,NaN,NaN,NaN,NaN,NaN,-0.1094970703125,-0.064208984375,-0.9849853515625,0,11235311,0
2025-04-24T23:29:37.646Z,NaN,NaN,NaN,NaN,NaN,-0.1094970703125,-0.064208984375,-0.9849853515625,0,11235311,0
2025-04-24T23:29:37.652Z,NaN,NaN,NaN,NaN,NaN,-0.1094970703125,-0.064208984375,-0.9849853515625,0,11235311,0
2025-04-24T23:29:37.659Z,NaN,NaN,NaN,NaN,NaN,-0.1094970703125,-0.064208984375,-0.9849853515625,0,11235311,0
2025-04-24T23:29:37.667Z,NaN,NaN,NaN,NaN,NaN,-0.1094970703125,-0.064208984375,-0.9849853515625,0,11235311,0
2025-04-24T23:29:37.674Z,NaN,NaN,NaN,NaN,NaN,-0.1094970703125,-0.064208984375,-0.9849853515625,0,11235311,0
2025-04-24T23:29:37.683Z,NaN,NaN,NaN,NaN,NaN,-0.10504150390625,-0.0697021484375,-0.97705078125,0,11242564,0
2025-04-24T23:29:37.689Z,NaN,NaN,NaN,NaN,NaN,-0.10504150390625,-0.0697021484375,-0.97705078125,0,11242564,0
2025-04-24T23:29:37.697Z,NaN,NaN,NaN,NaN,NaN,-0.10504150390625,-0.0697021484375,-0.97705078125,0,11242564,0
2025-04-24T23:29:37.703Z,NaN,NaN,NaN,NaN,NaN,-0.10504150390625,-0.0697021484375,-0.97705078125,0,11242564,0
2025-04-24T23:29:37.710Z,NaN,NaN,NaN,NaN,NaN,-0.10504150390625,-0.0697021484375,-0.97705078125,0,11242564,0
2025-04-24T23:29:37.716Z,NaN,NaN,NaN,NaN,NaN,-0.10504150390625,-0.0697021484375,-0.97705078125,0,11242564,0
2025-04-24T23:29:37.725Z,NaN,NaN,NaN,NaN,NaN,-0.10504150390625,-0.0697021484375,-0.97705078125,0,11242564,0
2025-04-24T23:29:37.731Z,NaN,NaN,NaN,NaN,NaN,-0.10504150390625,-0.0697021484375,-0.97705078125,0,11242564,0
2025-04-24T23:29:37.738Z,NaN,NaN,NaN,NaN,NaN,-0.10504150390625,-0.0697021484375,-0.97705078125,0,11242564,0
2025-04-24T23:29:37.745Z,NaN,NaN,NaN,NaN,NaN,-0.10504150390625,-0.0697021484375,-0.97705078125,0,11242564,0
2025-04-24T23:29:37.753Z,NaN,NaN,NaN,NaN,NaN,-0.10504150390625,-0.0697021484375,-0.97705078125,0,11242564,0
2025-04-24T23:29:37.760Z,NaN,NaN,NaN,NaN,NaN,-0.10504150390625,-0.0697021484375,-0.97705078125,0,11242564,0
2025-04-24T23:29:37.767Z,NaN,NaN,NaN,NaN,NaN,-0.1082763671875,-0.06951904296875,-0.9759521484375,0,11242564,0
2025-04-24T23:29:37.774Z,NaN,NaN,NaN,NaN,NaN,-0.1082763671875,-0.06951904296875,-0.9759521484375,0,11242564,0
2025-04-24T23:29:37.782Z,NaN,NaN,NaN,NaN,NaN,-0.1082763671875,-0.06951904296875,-0.9759521484375,0,11242564,0
2025-04-24T23:29:37.789Z,NaN,NaN,NaN,NaN,NaN,-0.1082763671875,-0.06951904296875,-0.9759521484375,0,11242564,0
2025-04-24T23:29:37.796Z,NaN,NaN,NaN,NaN,NaN,-0.1082763671875,-0.06951904296875,-0.9759521484375,0,11242564,0
2025-04-24T23:29:37.803Z,NaN,NaN,NaN,NaN,NaN,-0.1082763671875,-0.06951904296875,-0.9759521484375,0,11242564,0
2025-04-24T23:29:37.810Z,NaN,NaN,NaN,NaN,NaN,-0.1082763671875,-0.06951904296875,-0.9759521484375,0,11242564,0
2025-04-24T23:29:37.819Z,NaN,NaN,NaN,NaN,NaN,-0.1082763671875,-0.06951904296875,-0.9759521484375,0,11242564,0
2025-04-24T23:29:37.824Z,NaN,NaN,NaN,NaN,NaN,-0.1082763671875,-0.06951904296875,-0.9759521484375,0,11242564,0
2025-04-24T23:29:37.829Z,NaN,NaN,NaN,NaN,NaN,-0.1082763671875,-0.06951904296875,-0.9759521484375,0,11242564,0
2025-04-24T23:29:37.835Z,NaN,NaN,NaN,NaN,NaN,-0.1082763671875,-0.06951904296875,-0.9759521484375,0,11242564,0
2025-04-24T23:29:37.841Z,NaN,NaN,NaN,NaN,NaN,-0.1082763671875,-0.06951904296875,-0.9759521484375,0,11242564,0
2025-04-24T23:29:37.848Z,NaN,NaN,NaN,NaN,NaN,-0.1082763671875,-0.06951904296875,-0.9759521484375,0,11244982,0
2025-04-24T23:29:37.854Z,NaN,NaN,NaN,NaN,NaN,-0.1082763671875,-0.06951904296875,-0.9759521484375,0,11244982,0
2025-04-24T23:29:37.860Z,NaN,NaN,NaN,NaN,NaN,-0.1082763671875,-0.06951904296875,-0.9759521484375,0,11244982,0
2025-04-24T23:29:37.866Z,NaN,NaN,NaN,NaN,NaN,-0.1082763671875,-0.06951904296875,-0.9759521484375,0,11244982,0
2025-04-24T23:29:37.873Z,NaN,NaN,NaN,NaN,NaN,-0.1082763671875,-0.06951904296875,-0.9759521484375,0,11244982,0
2025-04-24T23:29:37.880Z,NaN,NaN,NaN,NaN,NaN,-0.1082763671875,-0.06951904296875,-0.9759521484375,0,11244982,0
2025-04-24T23:29:37.887Z,NaN,NaN,NaN,NaN,NaN,-0.1082763671875,-0.06951904296875,-0.9759521484375,0,11244982,0
2025-04-24T23:29:37.895Z,NaN,NaN,NaN,NaN,NaN,-0.1082763671875,-0.06951904296875,-0.9759521484375,0,11244982,0
2025-04-24T23:29:37.902Z,NaN,NaN,NaN,NaN,NaN,-0.1082763671875,-0.06951904296875,-0.9759521484375,0,11244982,0
2025-04-24T23:29:37.909Z,NaN,NaN,NaN,NaN,NaN,-0.1082763671875,-0.06951904296875,-0.9759521484375,0,11244982,0
2025-04-24T23:29:37.915Z,NaN,NaN,NaN,NaN,NaN,-0.1082763671875,-0.06951904296875,-0.9759521484375,0,11244982,0
2025-04-24T23:29:37.924Z,NaN,NaN,NaN,NaN,NaN,-0.1082763671875,-0.06951904296875,-0.9759521484375,0,11244982,0
2025-04-24T23:29:37.931Z,NaN,NaN,NaN,NaN,NaN,-0.108154296875,-0.0716552734375,-0.977783203125,0,11244982,0
2025-04-24T23:29:37.938Z,NaN,NaN,NaN,NaN,NaN,-0.108154296875,-0.0716552734375,-0.977783203125,0,11244982,0
2025-04-24T23:29:37.944Z,NaN,NaN,NaN,NaN,NaN,-0.108154296875,-0.0716552734375,-0.977783203125,0,11244982,0
2025-04-24T23:29:37.952Z,NaN,NaN,NaN,NaN,NaN,-0.108154296875,-0.0716552734375,-0.977783203125,0,11244982,0
2025-04-24T23:29:37.959Z,NaN,NaN,NaN,NaN,NaN,-0.108154296875,-0.0716552734375,-0.977783203125,0,11244982,0
2025-04-24T23:29:37.966Z,NaN,NaN,NaN,NaN,NaN,-0.108154296875,-0.0716552734375,-0.977783203125,0,11244982,0
2025-04-24T23:29:37.972Z,NaN,NaN,NaN,NaN,NaN,-0.108154296875,-0.0716552734375,-0.977783203125,0,11244982,0
2025-04-24T23:29:37.980Z,NaN,NaN,NaN,NaN,NaN,-0.108154296875,-0.0716552734375,-0.977783203125,0,11244982,0
2025-04-24T23:29:37.987Z,NaN,NaN,NaN,NaN,NaN,-0.108154296875,-0.0716552734375,-0.977783203125,0,11244982,0
2025-04-24T23:29:37.994Z,NaN,NaN,NaN,NaN,NaN,-0.108154296875,-0.0716552734375,-0.977783203125,0,11244982,0
2025-04-24T23:29:38.001Z,NaN,NaN,NaN,NaN,NaN,-0.108154296875,-0.0716552734375,-0.977783203125,0,11244982,0
2025-04-24T23:29:38.011Z,NaN,NaN,NaN,NaN,NaN,-0.108154296875,-0.0716552734375,-0.977783203125,0,11244982,0
2025-04-24T23:29:38.019Z,NaN,NaN,NaN,NaN,NaN,-0.10455322265625,-0.07147216796875,-0.97613525390625,0,11222418,0
2025-04-24T23:29:38.026Z,NaN,NaN,NaN,NaN,NaN,-0.10455322265625,-0.07147216796875,-0.97613525390625,0,11222418,0
2025-04-24T23:29:38.033Z,NaN,NaN,NaN,NaN,NaN,-0.10455322265625,-0.07147216796875,-0.97613525390625,0,11222418,0
2025-04-24T23:29:38.041Z,NaN,NaN,NaN,NaN,NaN,-0.10455322265625,-0.07147216796875,-0.97613525390625,0,11222418,0
2025-04-24T23:29:38.049Z,NaN,NaN,NaN,NaN,NaN,-0.10455322265625,-0.07147216796875,-0.97613525390625,0,11222418,0
2025-04-24T23:29:38.056Z,NaN,NaN,NaN,NaN,NaN,-0.10455322265625,-0.07147216796875,-0.97613525390625,0,11222418,0
2025-04-24T23:29:38.063Z,NaN,NaN,NaN,NaN,NaN,-0.10455322265625,-0.07147216796875,-0.97613525390625,0,11222418,0
2025-04-24T23:29:38.072Z,NaN,NaN,NaN,NaN,NaN,-0.10455322265625,-0.07147216796875,-0.97613525390625,0,11222418,0
2025-04-24T23:29:38.081Z,NaN,NaN,NaN,NaN,NaN,-0.10455322265625,-0.07147216796875,-0.97613525390625,0,11222418,0
2025-04-24T23:29:38.087Z,NaN,NaN,NaN,NaN,NaN,-0.10455322265625,-0.07147216796875,-0.97613525390625,0,11222418,0
2025-04-24T23:29:38.094Z,NaN,NaN,NaN,NaN,NaN,-0.10455322265625,-0.07147216796875,-0.97613525390625,0,11222418,0
2025-04-24T23:29:38.106Z,NaN,NaN,NaN,NaN,NaN,-0.10455322265625,-0.07147216796875,-0.97613525390625,0,11222418,0
2025-04-24T23:29:38.113Z,NaN,NaN,NaN,NaN,NaN,-0.11016845703125,-0.066162109375,-0.97515869140625,0,11222418,0
2025-04-24T23:29:38.118Z,NaN,NaN,NaN,NaN,NaN,-0.11016845703125,-0.066162109375,-0.97515869140625,0,11222418,0
2025-04-24T23:29:38.124Z,NaN,NaN,NaN,NaN,NaN,-0.11016845703125,-0.066162109375,-0.97515869140625,0,11222418,0
2025-04-24T23:29:38.130Z,NaN,NaN,NaN,NaN,NaN,-0.11016845703125,-0.066162109375,-0.97515869140625,0,11222418,0
2025-04-24T23:29:38.135Z,NaN,NaN,NaN,NaN,NaN,-0.11016845703125,-0.066162109375,-0.97515869140625,0,11222418,0
2025-04-24T23:29:38.141Z,NaN,NaN,NaN,NaN,NaN,-0.11016845703125,-0.066162109375,-0.97515869140625,0,11222418,0
2025-04-24T23:29:38.146Z,NaN,NaN,NaN,NaN,NaN,-0.11016845703125,-0.066162109375,-0.97515869140625,0,11222418,0
2025-04-24T23:29:38.151Z,NaN,NaN,NaN,NaN,NaN,-0.11016845703125,-0.066162109375,-0.97515869140625,0,11222418,0
2025-04-24T23:29:38.159Z,NaN,NaN,NaN,NaN,NaN,-0.11016845703125,-0.066162109375,-0.97515869140625,0,11222418,0
2025-04-24T23:29:38.164Z,NaN,NaN,NaN,NaN,NaN,-0.11016845703125,-0.066162109375,-0.97515869140625,0,11222418,0
2025-04-24T23:29:38.170Z,NaN,NaN,NaN,NaN,NaN,-0.11016845703125,-0.066162109375,-0.97515869140625,0,11222418,0
2025-04-24T23:29:38.178Z,NaN,NaN,NaN,NaN,NaN,-0.11016845703125,-0.066162109375,-0.97515869140625,0,11222418,0
2025-04-24T23:29:38.188Z,NaN,NaN,NaN,NaN,NaN,-0.1033935546875,-0.07598876953125,-0.97723388671875,0,11233700,0
2025-04-24T23:29:38.194Z,NaN,NaN,NaN,NaN,NaN,-0.1033935546875,-0.07598876953125,-0.97723388671875,0,11233700,0
2025-04-24T23:29:38.201Z,NaN,NaN,NaN,NaN,NaN,-0.1033935546875,-0.07598876953125,-0.97723388671875,0,11233700,0
2025-04-24T23:29:38.208Z,NaN,NaN,NaN,NaN,NaN,-0.1033935546875,-0.07598876953125,-0.97723388671875,0,11233700,0
2025-04-24T23:29:38.216Z,NaN,NaN,NaN,NaN,NaN,-0.1033935546875,-0.07598876953125,-0.97723388671875,0,11233700,0
2025-04-24T23:29:38.223Z,NaN,NaN,NaN,NaN,NaN,-0.1033935546875,-0.07598876953125,-0.97723388671875,0,11233700,0
2025-04-24T23:29:38.229Z,NaN,NaN,NaN,NaN,NaN,-0.1033935546875,-0.07598876953125,-0.97723388671875,0,11233700,0
2025-04-24T23:29:38.236Z,NaN,NaN,NaN,NaN,NaN,-0.1033935546875,-0.07598876953125,-0.97723388671875,0,11233700,0
2025-04-24T23:29:38.244Z,NaN,NaN,NaN,NaN,NaN,-0.1033935546875,-0.07598876953125,-0.97723388671875,0,11233700,0
2025-04-24T23:29:38.251Z,NaN,NaN,NaN,NaN,NaN,-0.1033935546875,-0.07598876953125,-0.97723388671875,0,11233700,0
2025-04-24T23:29:38.257Z,NaN,NaN,NaN,NaN,NaN,-0.1033935546875,-0.07598876953125,-0.97723388671875,0,11233700,0
2025-04-24T23:29:38.265Z,NaN,NaN,NaN,NaN,NaN,-0.1033935546875,-0.07598876953125,-0.97723388671875,0,11233700,0
2025-04-24T23:29:38.272Z,NaN,NaN,NaN,NaN,NaN,-0.1033935546875,-0.07598876953125,-0.97723388671875,0,11233700,0
2025-04-24T23:29:38.278Z,NaN,NaN,NaN,NaN,NaN,-0.1033935546875,-0.07598876953125,-0.97723388671875,0,11233700,0
2025-04-24T23:29:38.285Z,NaN,NaN,NaN,NaN,NaN,-0.1033935546875,-0.07598876953125,-0.97723388671875,0,11233700,0
2025-04-24T23:29:38.291Z,NaN,NaN,NaN,NaN,NaN,-0.1033935546875,-0.07598876953125,-0.97723388671875,0,11233700,0
2025-04-24T23:29:38.299Z,NaN,NaN,NaN,NaN,NaN,-0.1033935546875,-0.07598876953125,-0.97723388671875,0,11233700,0
2025-04-24T23:29:38.306Z,NaN,NaN,NaN,NaN,NaN,-0.1033935546875,-0.07598876953125,-0.97723388671875,0,11233700,0
2025-04-24T23:29:38.312Z,NaN,NaN,NaN,NaN,NaN,-0.1033935546875,-0.07598876953125,-0.97723388671875,0,11233700,0
2025-04-24T23:29:38.322Z,NaN,NaN,NaN,NaN,NaN,-0.1033935546875,-0.07598876953125,-0.97723388671875,0,11233700,0
2025-04-24T23:29:38.333Z,NaN,NaN,NaN,NaN,NaN,-0.1033935546875,-0.07598876953125,-0.97723388671875,0,11233700,0
2025-04-24T23:29:38.341Z,NaN,NaN,NaN,NaN,NaN,-0.1033935546875,-0.07598876953125,-0.97723388671875,0,11233700,0
2025-04-24T23:29:38.350Z,NaN,NaN,NaN,NaN,NaN,-0.1033935546875,-0.07598876953125,-0.97723388671875,0,11233700,0
2025-04-24T23:29:38.360Z,NaN,NaN,NaN,NaN,NaN,-0.1033935546875,-0.07598876953125,-0.97723388671875,0,11233700,0
2025-04-24T23:29:38.372Z,NaN,NaN,NaN,NaN,NaN,-0.1146240234375,-0.0623779296875,-0.970458984375,0,11233700,0
2025-04-24T23:29:38.382Z,NaN,NaN,NaN,NaN,NaN,-0.1146240234375,-0.0623779296875,-0.970458984375,0,11233700,0
2025-04-24T23:29:38.390Z,NaN,NaN,NaN,NaN,NaN,-0.1146240234375,-0.0623779296875,-0.970458984375,0,11233700,0
2025-04-24T23:29:38.399Z,NaN,NaN,NaN,NaN,NaN,-0.1146240234375,-0.0623779296875,-0.970458984375,0,11233700,0
2025-04-24T23:29:38.408Z,NaN,NaN,NaN,NaN,NaN,-0.1146240234375,-0.0623779296875,-0.970458984375,0,11233700,0
2025-04-24T23:29:38.417Z,NaN,NaN,NaN,NaN,NaN,-0.1146240234375,-0.0623779296875,-0.970458984375,0,11233700,0
2025-04-24T23:29:38.424Z,NaN,NaN,NaN,NaN,NaN,-0.1146240234375,-0.0623779296875,-0.970458984375,0,11233700,0
2025-04-24T23:29:38.434Z,NaN,NaN,NaN,NaN,NaN,-0.1146240234375,-0.0623779296875,-0.970458984375,0,11233700,0
2025-04-24T23:29:38.441Z,NaN,NaN,NaN,NaN,NaN,-0.1146240234375,-0.0623779296875,-0.970458984375,0,11233700,0
2025-04-24T23:29:38.446Z,NaN,NaN,NaN,NaN,NaN,-0.1146240234375,-0.0623779296875,-0.970458984375,0,11233700,0
2025-04-24T23:29:38.452Z,NaN,NaN,NaN,NaN,NaN,-0.1146240234375,-0.0623779296875,-0.970458984375,0,11233700,0
2025-04-24T23:29:38.458Z,NaN,NaN,NaN,NaN,NaN,-0.1146240234375,-0.0623779296875,-0.970458984375,0,11233700,0
2025-04-24T23:29:38.466Z,NaN,NaN,NaN,NaN,NaN,-0.1060791015625,-0.07489013671875,-0.98052978515625,0,11233700,0
2025-04-24T23:29:38.472Z,NaN,NaN,NaN,NaN,NaN,-0.1060791015625,-0.07489013671875,-0.98052978515625,0,11233700,0
2025-04-24T23:29:38.479Z,NaN,NaN,NaN,NaN,NaN,-0.1060791015625,-0.07489013671875,-0.98052978515625,0,11233700,0
2025-04-24T23:29:38.486Z,NaN,NaN,NaN,NaN,NaN,-0.1060791015625,-0.07489013671875,-0.98052978515625,0,11233700,0
2025-04-24T23:29:38.494Z,NaN,NaN,NaN,NaN,NaN,-0.1060791015625,-0.07489013671875,-0.98052978515625,0,11233700,0
2025-04-24T23:29:38.503Z,NaN,NaN,NaN,NaN,NaN,-0.1060791015625,-0.07489013671875,-0.98052978515625,0,11233700,0
2025-04-24T23:29:38.510Z,NaN,NaN,NaN,NaN,NaN,-0.1060791015625,-0.07489013671875,-0.98052978515625,0,11233700,0
2025-04-24T23:29:38.517Z,NaN,NaN,NaN,NaN,NaN,-0.1060791015625,-0.07489013671875,-0.98052978515625,0,11233700,0
2025-04-24T23:29:38.526Z,NaN,NaN,NaN,NaN,NaN,-0.1060791015625,-0.07489013671875,-0.98052978515625,0,11233700,0
2025-04-24T23:29:38.538Z,NaN,NaN,NaN,NaN,NaN,-0.1060791015625,-0.07489013671875,-0.98052978515625,0,11233700,0
2025-04-24T23:29:38.546Z,NaN,NaN,NaN,NaN,NaN,-0.1060791015625,-0.07489013671875,-0.98052978515625,0,11233700,0
2025-04-24T23:29:38.552Z,NaN,NaN,NaN,NaN,NaN,-0.1060791015625,-0.07489013671875,-0.98052978515625,0,11233700,0
2025-04-24T23:29:38.561Z,NaN,NaN,NaN,NaN,NaN,-0.10955810546875,-0.06170654296875,-0.9774169921875,0,11236923,0
2025-04-24T23:29:38.568Z,NaN,NaN,NaN,NaN,NaN,-0.10955810546875,-0.06170654296875,-0.9774169921875,0,11236923,0
2025-04-24T23:29:38.575Z,NaN,NaN,NaN,NaN,NaN,-0.10955810546875,-0.06170654296875,-0.9774169921875,0,11236923,0
2025-04-24T23:29:38.581Z,NaN,NaN,NaN,NaN,NaN,-0.10955810546875,-0.06170654296875,-0.9774169921875,0,11236923,0
2025-04-24T23:29:38.588Z,NaN,NaN,NaN,NaN,NaN,-0.10955810546875,-0.06170654296875,-0.9774169921875,0,11236923,0
2025-04-24T23:29:38.599Z,NaN,NaN,NaN,NaN,NaN,-0.10955810546875,-0.06170654296875,-0.9774169921875,0,11236923,0
2025-04-24T23:29:38.605Z,NaN,NaN,NaN,NaN,NaN,-0.10955810546875,-0.06170654296875,-0.9774169921875,0,11236923,0
2025-04-24T23:29:38.612Z,NaN,NaN,NaN,NaN,NaN,-0.10955810546875,-0.06170654296875,-0.9774169921875,0,11236923,0
2025-04-24T23:29:38.619Z,NaN,NaN,NaN,NaN,NaN,-0.10955810546875,-0.06170654296875,-0.9774169921875,0,11236923,0
2025-04-24T23:29:38.627Z,NaN,NaN,NaN,NaN,NaN,-0.10955810546875,-0.06170654296875,-0.9774169921875,0,11236923,0
2025-04-24T23:29:38.634Z,NaN,NaN,NaN,NaN,NaN,-0.10955810546875,-0.06170654296875,-0.9774169921875,0,11236923,0
2025-04-24T23:29:38.641Z,NaN,NaN,NaN,NaN,NaN,-0.10955810546875,-0.06170654296875,-0.9774169921875,0,11236923,0
2025-04-24T23:29:38.648Z,NaN,NaN,NaN,NaN,NaN,-0.1097412109375,-0.06683349609375,-0.97259521484375,0,11236923,0
2025-04-24T23:29:38.656Z,NaN,NaN,NaN,NaN,NaN,-0.1097412109375,-0.06683349609375,-0.97259521484375,0,11236923,0
2025-04-24T23:29:38.662Z,NaN,NaN,NaN,NaN,NaN,-0.1097412109375,-0.06683349609375,-0.97259521484375,0,11236923,0
2025-04-24T23:29:38.668Z,NaN,NaN,NaN,NaN,NaN,-0.1097412109375,-0.06683349609375,-0.97259521484375,0,11236923,0
2025-04-24T23:29:38.676Z,NaN,NaN,NaN,NaN,NaN,-0.1097412109375,-0.06683349609375,-0.97259521484375,0,11236923,0
2025-04-24T23:29:38.683Z,NaN,NaN,NaN,NaN,NaN,-0.1097412109375,-0.06683349609375,-0.97259521484375,0,11236923,0
2025-04-24T23:29:38.690Z,NaN,NaN,NaN,NaN,NaN,-0.1097412109375,-0.06683349609375,-0.97259521484375,0,11236923,0
2025-04-24T23:29:38.696Z,NaN,NaN,NaN,NaN,NaN,-0.1097412109375,-0.06683349609375,-0.97259521484375,0,11236923,0
2025-04-24T23:29:38.702Z,NaN,NaN,NaN,NaN,NaN,-0.1097412109375,-0.06683349609375,-0.97259521484375,0,11236923,0
2025-04-24T23:29:38.710Z,NaN,NaN,NaN,NaN,NaN,-0.1097412109375,-0.06683349609375,-0.97259521484375,0,11236923,0
2025-04-24T23:29:38.717Z,NaN,NaN,NaN,NaN,NaN,-0.1097412109375,-0.06683349609375,-0.97259521484375,0,11236923,0
2025-04-24T23:29:38.725Z,NaN,NaN,NaN,NaN,NaN,-0.1097412109375,-0.06683349609375,-0.97259521484375,0,11236923,0
2025-04-24T23:29:38.733Z,NaN,NaN,NaN,NaN,NaN,-0.1097412109375,-0.06683349609375,-0.97259521484375,0,11261905,0
2025-04-24T23:29:38.739Z,NaN,NaN,NaN,NaN,NaN,-0.1097412109375,-0.06683349609375,-0.97259521484375,0,11261905,0
2025-04-24T23:29:38.745Z,NaN,NaN,NaN,NaN,NaN,-0.1097412109375,-0.06683349609375,-0.97259521484375,0,11261905,0
2025-04-24T23:29:38.750Z,NaN,NaN,NaN,NaN,NaN,-0.1097412109375,-0.06683349609375,-0.97259521484375,0,11261905,0
2025-04-24T23:29:38.755Z,NaN,NaN,NaN,NaN,NaN,-0.1097412109375,-0.06683349609375,-0.97259521484375,0,11261905,0
2025-04-24T23:29:38.760Z,NaN,NaN,NaN,NaN,NaN,-0.1097412109375,-0.06683349609375,-0.97259521484375,0,11261905,0
2025-04-24T23:29:38.767Z,NaN,NaN,NaN,NaN,NaN,-0.1097412109375,-0.06683349609375,-0.97259521484375,0,11261905,0
2025-04-24T23:29:38.774Z,NaN,NaN,NaN,NaN,NaN,-0.1097412109375,-0.06683349609375,-0.97259521484375,0,11261905,0
2025-04-24T23:29:38.781Z,NaN,NaN,NaN,NaN,NaN,-0.1097412109375,-0.06683349609375,-0.97259521484375,0,11261905,0
2025-04-24T23:29:38.788Z,NaN,NaN,NaN,NaN,NaN,-0.1097412109375,-0.06683349609375,-0.97259521484375,0,11261905,0
2025-04-24T23:29:38.795Z,NaN,NaN,NaN,NaN,NaN,-0.1097412109375,-0.06683349609375,-0.97259521484375,0,11261905,0
2025-04-24T23:29:38.801Z,NaN,NaN,NaN,NaN,NaN,-0.1097412109375,-0.06683349609375,-0.97259521484375,0,11261905,0
2025-04-24T23:29:38.809Z,NaN,NaN,NaN,NaN,NaN,-0.10357666015625,-0.07452392578125,-0.97833251953125,0,11261905,0
2025-04-24T23:29:38.816Z,NaN,NaN,NaN,NaN,NaN,-0.10357666015625,-0.07452392578125,-0.97833251953125,0,11261905,0
2025-04-24T23:29:38.824Z,NaN,NaN,NaN,NaN,NaN,-0.10357666015625,-0.07452392578125,-0.97833251953125,0,11261905,0
2025-04-24T23:29:38.830Z,NaN,NaN,NaN,NaN,NaN,-0.10357666015625,-0.07452392578125,-0.97833251953125,0,11261905,0
2025-04-24T23:29:38.837Z,NaN,NaN,NaN,NaN,NaN,-0.10357666015625,-0.07452392578125,-0.97833251953125,0,11261905,0
2025-04-24T23:29:38.843Z,NaN,NaN,NaN,NaN,NaN,-0.10357666015625,-0.07452392578125,-0.97833251953125,0,11261905,0
2025-04-24T23:29:38.851Z,NaN,NaN,NaN,NaN,NaN,-0.10357666015625,-0.07452392578125,-0.97833251953125,0,11261905,0
2025-04-24T23:29:38.858Z,NaN,NaN,NaN,NaN,NaN,-0.10357666015625,-0.07452392578125,-0.97833251953125,0,11261905,0
2025-04-24T23:29:38.864Z,NaN,NaN,NaN,NaN,NaN,-0.10357666015625,-0.07452392578125,-0.97833251953125,0,11261905,0
2025-04-24T23:29:38.870Z,NaN,NaN,NaN,NaN,NaN,-0.10357666015625,-0.07452392578125,-0.97833251953125,0,11261905,0
2025-04-24T23:29:38.878Z,NaN,NaN,NaN,NaN,NaN,-0.10357666015625,-0.07452392578125,-0.97833251953125,0,11261905,0
2025-04-24T23:29:38.887Z,NaN,NaN,NaN,NaN,NaN,-0.10357666015625,-0.07452392578125,-0.97833251953125,0,11261905,0
2025-04-24T23:29:38.896Z,NaN,NaN,NaN,NaN,NaN,-0.1182861328125,-0.07073974609375,-0.97802734375,0,11244176,0
2025-04-24T23:29:38.904Z,NaN,NaN,NaN,NaN,NaN,-0.1182861328125,-0.07073974609375,-0.97802734375,0,11244176,0
2025-04-24T23:29:38.913Z,NaN,NaN,NaN,NaN,NaN,-0.1182861328125,-0.07073974609375,-0.97802734375,0,11244176,0
2025-04-24T23:29:38.919Z,NaN,NaN,NaN,NaN,NaN,-0.1182861328125,-0.07073974609375,-0.97802734375,0,11244176,0
2025-04-24T23:29:38.926Z,NaN,NaN,NaN,NaN,NaN,-0.1182861328125,-0.07073974609375,-0.97802734375,0,11244176,0
2025-04-24T23:29:38.932Z,NaN,NaN,NaN,NaN,NaN,-0.1182861328125,-0.07073974609375,-0.97802734375,0,11244176,0
2025-04-24T23:29:38.940Z,NaN,NaN,NaN,NaN,NaN,-0.1182861328125,-0.07073974609375,-0.97802734375,0,11244176,0
2025-04-24T23:29:38.946Z,NaN,NaN,NaN,NaN,NaN,-0.1182861328125,-0.07073974609375,-0.97802734375,0,11244176,0
2025-04-24T23:29:38.953Z,NaN,NaN,NaN,NaN,NaN,-0.1182861328125,-0.07073974609375,-0.97802734375,0,11244176,0
2025-04-24T23:29:38.959Z,NaN,NaN,NaN,NaN,NaN,-0.1182861328125,-0.07073974609375,-0.97802734375,0,11244176,0
2025-04-24T23:29:38.969Z,NaN,NaN,NaN,NaN,NaN,-0.1182861328125,-0.07073974609375,-0.97802734375,0,11244176,0
2025-04-24T23:29:38.975Z,NaN,NaN,NaN,NaN,NaN,-0.1182861328125,-0.07073974609375,-0.97802734375,0,11244176,0
2025-04-24T23:29:38.985Z,NaN,NaN,NaN,NaN,NaN,-0.1063232421875,-0.0687255859375,-0.97979736328125,0,11244176,0
2025-04-24T23:29:38.991Z,NaN,NaN,NaN,NaN,NaN,-0.1063232421875,-0.0687255859375,-0.97979736328125,0,11244176,0
2025-04-24T23:29:38.998Z,NaN,NaN,NaN,NaN,NaN,-0.1063232421875,-0.0687255859375,-0.97979736328125,0,11244176,0
2025-04-24T23:29:39.006Z,NaN,NaN,NaN,NaN,NaN,-0.1063232421875,-0.0687255859375,-0.97979736328125,0,11244176,0
2025-04-24T23:29:39.014Z,NaN,NaN,NaN,NaN,NaN,-0.1063232421875,-0.0687255859375,-0.97979736328125,0,11244176,0
2025-04-24T23:29:39.022Z,NaN,NaN,NaN,NaN,NaN,-0.1063232421875,-0.0687255859375,-0.97979736328125,0,11244176,0
2025-04-24T23:29:39.029Z,NaN,NaN,NaN,NaN,NaN,-0.1063232421875,-0.0687255859375,-0.97979736328125,0,11244176,0
2025-04-24T23:29:39.037Z,NaN,NaN,NaN,NaN,NaN,-0.1063232421875,-0.0687255859375,-0.97979736328125,0,11244176,0
2025-04-24T23:29:39.043Z,NaN,NaN,NaN,NaN,NaN,-0.1063232421875,-0.0687255859375,-0.97979736328125,0,11244176,0
2025-04-24T23:29:39.049Z,NaN,NaN,NaN,NaN,NaN,-0.1063232421875,-0.0687255859375,-0.97979736328125,0,11244176,0
2025-04-24T23:29:39.055Z,NaN,NaN,NaN,NaN,NaN,-0.1063232421875,-0.0687255859375,-0.97979736328125,0,11244176,0
2025-04-24T23:29:39.062Z,NaN,NaN,NaN,NaN,NaN,-0.1063232421875,-0.0687255859375,-0.97979736328125,0,11244176,0
2025-04-24T23:29:39.068Z,NaN,NaN,NaN,NaN,NaN,-0.1063232421875,-0.0687255859375,-0.97979736328125,0,11232088,0
2025-04-24T23:29:39.074Z,NaN,NaN,NaN,NaN,NaN,-0.1063232421875,-0.0687255859375,-0.97979736328125,0,11232088,0
2025-04-24T23:29:39.079Z,NaN,NaN,NaN,NaN,NaN,-0.1063232421875,-0.0687255859375,-0.97979736328125,0,11232088,0
2025-04-24T23:29:39.085Z,NaN,NaN,NaN,NaN,NaN,-0.1063232421875,-0.0687255859375,-0.97979736328125,0,11232088,0
2025-04-24T23:29:39.091Z,NaN,NaN,NaN,NaN,NaN,-0.1063232421875,-0.0687255859375,-0.97979736328125,0,11232088,0
2025-04-24T23:29:39.097Z,NaN,NaN,NaN,NaN,NaN,-0.1063232421875,-0.0687255859375,-0.97979736328125,0,11232088,0
2025-04-24T23:29:39.103Z,NaN,NaN,NaN,NaN,NaN,-0.1063232421875,-0.0687255859375,-0.97979736328125,0,11232088,0
2025-04-24T23:29:39.111Z,NaN,NaN,NaN,NaN,NaN,-0.1063232421875,-0.0687255859375,-0.97979736328125,0,11232088,0
2025-04-24T23:29:39.117Z,NaN,NaN,NaN,NaN,NaN,-0.1063232421875,-0.0687255859375,-0.97979736328125,0,11232088,0
2025-04-24T23:29:39.124Z,NaN,NaN,NaN,NaN,NaN,-0.1063232421875,-0.0687255859375,-0.97979736328125,0,11232088,0
2025-04-24T23:29:39.132Z,NaN,NaN,NaN,NaN,NaN,-0.1063232421875,-0.0687255859375,-0.97979736328125,0,11232088,0
2025-04-24T23:29:39.141Z,NaN,NaN,NaN,NaN,NaN,-0.1063232421875,-0.0687255859375,-0.97979736328125,0,11232088,0
2025-04-24T23:29:39.149Z,NaN,NaN,NaN,NaN,NaN,-0.10467529296875,-0.06988525390625,-0.97186279296875,0,11232088,0
2025-04-24T23:29:39.156Z,NaN,NaN,NaN,NaN,NaN,-0.10467529296875,-0.06988525390625,-0.97186279296875,0,11232088,0
2025-04-24T23:29:39.163Z,NaN,NaN,NaN,NaN,NaN,-0.10467529296875,-0.06988525390625,-0.97186279296875,0,11232088,0
2025-04-24T23:29:39.172Z,NaN,NaN,NaN,NaN,NaN,-0.10467529296875,-0.06988525390625,-0.97186279296875,0,11232088,0
2025-04-24T23:29:39.180Z,NaN,NaN,NaN,NaN,NaN,-0.10467529296875,-0.06988525390625,-0.97186279296875,0,11232088,0
2025-04-24T23:29:39.187Z,NaN,NaN,NaN,NaN,NaN,-0.10467529296875,-0.06988525390625,-0.97186279296875,0,11232088,0
2025-04-24T23:29:39.194Z,NaN,NaN,NaN,NaN,NaN,-0.10467529296875,-0.06988525390625,-0.97186279296875,0,11232088,0
2025-04-24T23:29:39.203Z,NaN,NaN,NaN,NaN,NaN,-0.10467529296875,-0.06988525390625,-0.97186279296875,0,11232088,0
2025-04-24T23:29:39.211Z,NaN,NaN,NaN,NaN,NaN,-0.10467529296875,-0.06988525390625,-0.97186279296875,0,11232088,0
2025-04-24T23:29:39.221Z,NaN,NaN,NaN,NaN,NaN,-0.10467529296875,-0.06988525390625,-0.97186279296875,0,11232088,0
2025-04-24T23:29:39.228Z,NaN,NaN,NaN,NaN,NaN,-0.10467529296875,-0.06988525390625,-0.97186279296875,0,11232088,0
2025-04-24T23:29:39.237Z,NaN,NaN,NaN,NaN,NaN,-0.10467529296875,-0.06988525390625,-0.97186279296875,0,11232088,0
2025-04-24T23:29:39.248Z,NaN,NaN,NaN,NaN,NaN,-0.11016845703125,-0.06121826171875,-0.97576904296875,0,11240147,0
2025-04-24T23:29:39.254Z,NaN,NaN,NaN,NaN,NaN,-0.11016845703125,-0.06121826171875,-0.97576904296875,0,11240147,0
2025-04-24T23:29:39.262Z,NaN,NaN,NaN,NaN,NaN,-0.11016845703125,-0.06121826171875,-0.97576904296875,0,11240147,0
2025-04-24T23:29:39.271Z,NaN,NaN,NaN,NaN,NaN,-0.11016845703125,-0.06121826171875,-0.97576904296875,0,11240147,0
2025-04-24T23:29:39.280Z,NaN,NaN,NaN,NaN,NaN,-0.11016845703125,-0.06121826171875,-0.97576904296875,0,11240147,0
2025-04-24T23:29:39.289Z,NaN,NaN,NaN,NaN,NaN,-0.11016845703125,-0.06121826171875,-0.97576904296875,0,11240147,0
2025-04-24T23:29:39.298Z,NaN,NaN,NaN,NaN,NaN,-0.11016845703125,-0.06121826171875,-0.97576904296875,0,11240147,0
2025-04-24T23:29:39.307Z,NaN,NaN,NaN,NaN,NaN,-0.11016845703125,-0.06121826171875,-0.97576904296875,0,11240147,0
2025-04-24T23:29:39.315Z,NaN,NaN,NaN,NaN,NaN,-0.11016845703125,-0.06121826171875,-0.97576904296875,0,11240147,0
2025-04-24T23:29:39.322Z,NaN,NaN,NaN,NaN,NaN,-0.11016845703125,-0.06121826171875,-0.97576904296875,0,11240147,0
2025-04-24T23:29:39.329Z,NaN,NaN,NaN,NaN,NaN,-0.11016845703125,-0.06121826171875,-0.97576904296875,0,11240147,0
2025-04-24T23:29:39.336Z,NaN,NaN,NaN,NaN,NaN,-0.11016845703125,-0.06121826171875,-0.97576904296875,0,11240147,0
2025-04-24T23:29:39.349Z,NaN,NaN,NaN,NaN,NaN,-0.1036376953125,-0.0784912109375,-0.98114013671875,0,11240147,0
2025-04-24T23:29:39.357Z,NaN,NaN,NaN,NaN,NaN,-0.1036376953125,-0.0784912109375,-0.98114013671875,0,11240147,0
2025-04-24T23:29:39.363Z,NaN,NaN,NaN,NaN,NaN,-0.1036376953125,-0.0784912109375,-0.98114013671875,0,11240147,0
2025-04-24T23:29:39.372Z,NaN,NaN,NaN,NaN,NaN,-0.1036376953125,-0.0784912109375,-0.98114013671875,0,11240147,0
2025-04-24T23:29:39.380Z,NaN,NaN,NaN,NaN,NaN,-0.1036376953125,-0.0784912109375,-0.98114013671875,0,11240147,0
2025-04-24T23:29:39.387Z,NaN,NaN,NaN,NaN,NaN,-0.1036376953125,-0.0784912109375,-0.98114013671875,0,11240147,0
2025-04-24T23:29:39.394Z,NaN,NaN,NaN,NaN,NaN,-0.1036376953125,-0.0784912109375,-0.98114013671875,0,11240147,0
2025-04-24T23:29:39.400Z,NaN,NaN,NaN,NaN,NaN,-0.1036376953125,-0.0784912109375,-0.98114013671875,0,11240147,0
2025-04-24T23:29:39.411Z,NaN,NaN,NaN,NaN,NaN,-0.1036376953125,-0.0784912109375,-0.98114013671875,0,11240147,0
2025-04-24T23:29:39.417Z,NaN,NaN,NaN,NaN,NaN,-0.1036376953125,-0.0784912109375,-0.98114013671875,0,11240147,0
2025-04-24T23:29:39.423Z,NaN,NaN,NaN,NaN,NaN,-0.1036376953125,-0.0784912109375,-0.98114013671875,0,11240147,0
2025-04-24T23:29:39.430Z,NaN,NaN,NaN,NaN,NaN,-0.1036376953125,-0.0784912109375,-0.98114013671875,0,11240147,0
2025-04-24T23:29:39.441Z,NaN,NaN,NaN,NaN,NaN,-0.11407470703125,-0.0609130859375,-0.9766845703125,0,11253846,0
2025-04-24T23:29:39.447Z,NaN,NaN,NaN,NaN,NaN,-0.11407470703125,-0.0609130859375,-0.9766845703125,0,11253846,0
2025-04-24T23:29:39.454Z,NaN,NaN,NaN,NaN,NaN,-0.11407470703125,-0.0609130859375,-0.9766845703125,0,11253846,0
2025-04-24T23:29:39.464Z,NaN,NaN,NaN,NaN,NaN,-0.11407470703125,-0.0609130859375,-0.9766845703125,0,11253846,0
2025-04-24T23:29:39.472Z,NaN,NaN,NaN,NaN,NaN,-0.11407470703125,-0.0609130859375,-0.9766845703125,0,11253846,0
2025-04-24T23:29:39.479Z,NaN,NaN,NaN,NaN,NaN,-0.11407470703125,-0.0609130859375,-0.9766845703125,0,11253846,0
2025-04-24T23:29:39.489Z,NaN,NaN,NaN,NaN,NaN,-0.11407470703125,-0.0609130859375,-0.9766845703125,0,11253846,0
2025-04-24T23:29:39.495Z,NaN,NaN,NaN,NaN,NaN,-0.11407470703125,-0.0609130859375,-0.9766845703125,0,11253846,0
2025-04-24T23:29:39.503Z,NaN,NaN,NaN,NaN,NaN,-0.11407470703125,-0.0609130859375,-0.9766845703125,0,11253846,0
2025-04-24T23:29:39.510Z,NaN,NaN,NaN,NaN,NaN,-0.11407470703125,-0.0609130859375,-0.9766845703125,0,11253846,0
2025-04-24T23:29:39.517Z,NaN,NaN,NaN,NaN,NaN,-0.11407470703125,-0.0609130859375,-0.9766845703125,0,11253846,0
2025-04-24T23:29:39.524Z,NaN,NaN,NaN,NaN,NaN,-0.11407470703125,-0.0609130859375,-0.9766845703125,0,11253846,0
2025-04-24T23:29:39.535Z,NaN,NaN,NaN,NaN,NaN,-0.11407470703125,-0.0609130859375,-0.9766845703125,0,11253846,0
2025-04-24T23:29:39.542Z,NaN,NaN,NaN,NaN,NaN,-0.11407470703125,-0.0609130859375,-0.9766845703125,0,11253846,0
2025-04-24T23:29:39.549Z,NaN,NaN,NaN,NaN,NaN,-0.11407470703125,-0.0609130859375,-0.9766845703125,0,11253846,0
2025-04-24T23:29:39.556Z,NaN,NaN,NaN,NaN,NaN,-0.11407470703125,-0.0609130859375,-0.9766845703125,0,11253846,0
2025-04-24T23:29:39.564Z,NaN,NaN,NaN,NaN,NaN,-0.11407470703125,-0.0609130859375,-0.9766845703125,0,11253846,0
2025-04-24T23:29:39.571Z,NaN,NaN,NaN,NaN,NaN,-0.11407470703125,-0.0609130859375,-0.9766845703125,0,11253846,0
2025-04-24T23:29:39.579Z,NaN,NaN,NaN,NaN,NaN,-0.11407470703125,-0.0609130859375,-0.9766845703125,0,11253846,0
2025-04-24T23:29:39.589Z,NaN,NaN,NaN,NaN,NaN,-0.11407470703125,-0.0609130859375,-0.9766845703125,0,11253846,0
2025-04-24T23:29:39.597Z,NaN,NaN,NaN,NaN,NaN,-0.11407470703125,-0.0609130859375,-0.9766845703125,0,11253846,0
2025-04-24T23:29:39.603Z,NaN,NaN,NaN,NaN,NaN,-0.11407470703125,-0.0609130859375,-0.9766845703125,0,11253846,0
2025-04-24T23:29:39.610Z,NaN,NaN,NaN,NaN,NaN,-0.11407470703125,-0.0609130859375,-0.9766845703125,0,11253846,0
2025-04-24T23:29:39.617Z,NaN,NaN,NaN,NaN,NaN,-0.11407470703125,-0.0609130859375,-0.9766845703125,0,11253846,0
2025-04-24T23:29:39.630Z,NaN,NaN,NaN,NaN,NaN,-0.10406494140625,-0.06903076171875,-0.98297119140625,0,11244982,0
2025-04-24T23:29:39.636Z,NaN,NaN,NaN,NaN,NaN,-0.10406494140625,-0.06903076171875,-0.98297119140625,0,11244982,0
2025-04-24T23:29:39.643Z,NaN,NaN,NaN,NaN,NaN,-0.10406494140625,-0.06903076171875,-0.98297119140625,0,11244982,0
2025-04-24T23:29:39.650Z,NaN,NaN,NaN,NaN,NaN,-0.10406494140625,-0.06903076171875,-0.98297119140625,0,11244982,0
2025-04-24T23:29:39.659Z,NaN,NaN,NaN,NaN,NaN,-0.10406494140625,-0.06903076171875,-0.98297119140625,0,11244982,0
2025-04-24T23:29:39.669Z,NaN,NaN,NaN,NaN,NaN,-0.10406494140625,-0.06903076171875,-0.98297119140625,0,11244982,0
2025-04-24T23:29:39.675Z,NaN,NaN,NaN,NaN,NaN,-0.10406494140625,-0.06903076171875,-0.98297119140625,0,11244982,0
2025-04-24T23:29:39.682Z,NaN,NaN,NaN,NaN,NaN,-0.10406494140625,-0.06903076171875,-0.98297119140625,0,11244982,0
2025-04-24T23:29:39.690Z,NaN,NaN,NaN,NaN,NaN,-0.10406494140625,-0.06903076171875,-0.98297119140625,0,11244982,0
2025-04-24T23:29:39.697Z,NaN,NaN,NaN,NaN,NaN,-0.10406494140625,-0.06903076171875,-0.98297119140625,0,11244982,0
2025-04-24T23:29:39.705Z,NaN,NaN,NaN,NaN,NaN,-0.10406494140625,-0.06903076171875,-0.98297119140625,0,11244982,0
2025-04-24T23:29:39.712Z,NaN,NaN,NaN,NaN,NaN,-0.10406494140625,-0.06903076171875,-0.98297119140625,0,11244982,0
2025-04-24T23:29:39.722Z,NaN,NaN,NaN,NaN,NaN,-0.108642578125,-0.072509765625,-0.9759521484375,0,11244982,0
2025-04-24T23:29:39.729Z,NaN,NaN,NaN,NaN,NaN,-0.108642578125,-0.072509765625,-0.9759521484375,0,11244982,0
2025-04-24T23:29:39.737Z,NaN,NaN,NaN,NaN,NaN,-0.108642578125,-0.072509765625,-0.9759521484375,0,11244982,0
2025-04-24T23:29:39.743Z,NaN,NaN,NaN,NaN,NaN,-0.108642578125,-0.072509765625,-0.9759521484375,0,11244982,0
2025-04-24T23:29:39.753Z,NaN,NaN,NaN,NaN,NaN,-0.108642578125,-0.072509765625,-0.9759521484375,0,11244982,0
2025-04-24T23:29:39.760Z,NaN,NaN,NaN,NaN,NaN,-0.108642578125,-0.072509765625,-0.9759521484375,0,11244982,0
2025-04-24T23:29:39.770Z,NaN,NaN,NaN,NaN,NaN,-0.108642578125,-0.072509765625,-0.9759521484375,0,11244982,0
2025-04-24T23:29:39.780Z,NaN,NaN,NaN,NaN,NaN,-0.108642578125,-0.072509765625,-0.9759521484375,0,11244982,0
2025-04-24T23:29:39.789Z,NaN,NaN,NaN,NaN,NaN,-0.108642578125,-0.072509765625,-0.9759521484375,0,11244982,0
2025-04-24T23:29:39.799Z,NaN,NaN,NaN,NaN,NaN,-0.108642578125,-0.072509765625,-0.9759521484375,0,11244982,0
2025-04-24T23:29:39.806Z,NaN,NaN,NaN,NaN,NaN,-0.108642578125,-0.072509765625,-0.9759521484375,0,11244982,0
2025-04-24T23:29:39.814Z,NaN,NaN,NaN,NaN,NaN,-0.108642578125,-0.072509765625,-0.9759521484375,0,11244982,0
2025-04-24T23:29:39.825Z,NaN,NaN,NaN,NaN,NaN,-0.11224365234375,-0.0596923828125,-0.97723388671875,0,11240952,0
2025-04-24T23:29:39.834Z,NaN,NaN,NaN,NaN,NaN,-0.11224365234375,-0.0596923828125,-0.97723388671875,0,11240952,0
2025-04-24T23:29:39.841Z,NaN,NaN,NaN,NaN,NaN,-0.11224365234375,-0.0596923828125,-0.97723388671875,0,11240952,0
2025-04-24T23:29:39.850Z,NaN,NaN,NaN,NaN,NaN,-0.11224365234375,-0.0596923828125,-0.97723388671875,0,11240952,0
2025-04-24T23:29:39.860Z,NaN,NaN,NaN,NaN,NaN,-0.11224365234375,-0.0596923828125,-0.97723388671875,0,11240952,0
2025-04-24T23:29:39.866Z,NaN,NaN,NaN,NaN,NaN,-0.11224365234375,-0.0596923828125,-0.97723388671875,0,11240952,0
2025-04-24T23:29:39.876Z,NaN,NaN,NaN,NaN,NaN,-0.11224365234375,-0.0596923828125,-0.97723388671875,0,11240952,0
2025-04-24T23:29:39.882Z,NaN,NaN,NaN,NaN,NaN,-0.11224365234375,-0.0596923828125,-0.97723388671875,0,11240952,0
2025-04-24T23:29:39.892Z,NaN,NaN,NaN,NaN,NaN,-0.11224365234375,-0.0596923828125,-0.97723388671875,0,11240952,0
2025-04-24T23:29:39.902Z,NaN,NaN,NaN,NaN,NaN,-0.11224365234375,-0.0596923828125,-0.97723388671875,0,11240952,0
2025-04-24T23:29:39.909Z,NaN,NaN,NaN,NaN,NaN,-0.11224365234375,-0.0596923828125,-0.97723388671875,0,11240952,0
2025-04-24T23:29:39.916Z,NaN,NaN,NaN,NaN,NaN,-0.11224365234375,-0.0596923828125,-0.97723388671875,0,11240952,0
2025-04-24T23:29:39.925Z,NaN,NaN,NaN,NaN,NaN,-0.10369873046875,-0.086181640625,-0.97967529296875,0,11240952,0
2025-04-24T23:29:39.932Z,NaN,NaN,NaN,NaN,NaN,-0.10369873046875,-0.086181640625,-0.97967529296875,0,11240952,0
2025-04-24T23:29:39.939Z,NaN,NaN,NaN,NaN,NaN,-0.10369873046875,-0.086181640625,-0.97967529296875,0,11240952,0
2025-04-24T23:29:39.947Z,NaN,NaN,NaN,NaN,NaN,-0.10369873046875,-0.086181640625,-0.97967529296875,0,11240952,0
2025-04-24T23:29:39.958Z,NaN,NaN,NaN,NaN,NaN,-0.10369873046875,-0.086181640625,-0.97967529296875,0,11240952,0
2025-04-24T23:29:39.966Z,NaN,NaN,NaN,NaN,NaN,-0.10369873046875,-0.086181640625,-0.97967529296875,0,11240952,0
2025-04-24T23:29:39.973Z,NaN,NaN,NaN,NaN,NaN,-0.10369873046875,-0.086181640625,-0.97967529296875,0,11240952,0
2025-04-24T23:29:39.982Z,NaN,NaN,NaN,NaN,NaN,-0.10369873046875,-0.086181640625,-0.97967529296875,0,11240952,0
2025-04-24T23:29:39.994Z,NaN,NaN,NaN,NaN,NaN,-0.10369873046875,-0.086181640625,-0.97967529296875,0,11240952,0
2025-04-24T23:29:40.005Z,NaN,NaN,NaN,NaN,NaN,-0.10369873046875,-0.086181640625,-0.97967529296875,0,11240952,0
2025-04-24T23:29:40.013Z,NaN,NaN,NaN,NaN,NaN,-0.10369873046875,-0.086181640625,-0.97967529296875,0,11240952,0
2025-04-24T23:29:40.020Z,NaN,NaN,NaN,NaN,NaN,-0.10369873046875,-0.086181640625,-0.97967529296875,0,11240952,0
2025-04-24T23:29:40.029Z,NaN,NaN,NaN,NaN,NaN,-0.10369873046875,-0.086181640625,-0.97967529296875,0,11244176,0
2025-04-24T23:29:40.036Z,NaN,NaN,NaN,NaN,NaN,-0.10369873046875,-0.086181640625,-0.97967529296875,0,11244176,0
2025-04-24T23:29:40.042Z,NaN,NaN,NaN,NaN,NaN,-0.10369873046875,-0.086181640625,-0.97967529296875,0,11244176,0
2025-04-24T23:29:40.049Z,NaN,NaN,NaN,NaN,NaN,-0.10369873046875,-0.086181640625,-0.97967529296875,0,11244176,0
2025-04-24T23:29:40.058Z,NaN,NaN,NaN,NaN,NaN,-0.10369873046875,-0.086181640625,-0.97967529296875,0,11244176,0
2025-04-24T23:29:40.065Z,NaN,NaN,NaN,NaN,NaN,-0.10369873046875,-0.086181640625,-0.97967529296875,0,11244176,0
2025-04-24T23:29:40.072Z,NaN,NaN,NaN,NaN,NaN,-0.10369873046875,-0.086181640625,-0.97967529296875,0,11244176,0
2025-04-24T23:29:40.080Z,NaN,NaN,NaN,NaN,NaN,-0.10369873046875,-0.086181640625,-0.97967529296875,0,11244176,0
2025-04-24T23:29:40.089Z,NaN,NaN,NaN,NaN,NaN,-0.10369873046875,-0.086181640625,-0.97967529296875,0,11244176,0
2025-04-24T23:29:40.095Z,NaN,NaN,NaN,NaN,NaN,-0.10369873046875,-0.086181640625,-0.97967529296875,0,11244176,0
2025-04-24T23:29:40.102Z,NaN,NaN,NaN,NaN,NaN,-0.10369873046875,-0.086181640625,-0.97967529296875,0,11244176,0
2025-04-24T23:29:40.109Z,NaN,NaN,NaN,NaN,NaN,-0.10369873046875,-0.086181640625,-0.97967529296875,0,11244176,0
2025-04-24T23:29:40.119Z,NaN,NaN,NaN,NaN,NaN,-0.11224365234375,-0.052001953125,-0.97833251953125,0,11244176,0
2025-04-24T23:29:40.125Z,NaN,NaN,NaN,NaN,NaN,-0.11224365234375,-0.052001953125,-0.97833251953125,0,11244176,0
2025-04-24T23:29:40.132Z,NaN,NaN,NaN,NaN,NaN,-0.11224365234375,-0.052001953125,-0.97833251953125,0,11244176,0
2025-04-24T23:29:40.140Z,NaN,NaN,NaN,NaN,NaN,-0.11224365234375,-0.052001953125,-0.97833251953125,0,11244176,0
2025-04-24T23:29:40.149Z,NaN,NaN,NaN,NaN,NaN,-0.11224365234375,-0.052001953125,-0.97833251953125,0,11244176,0
2025-04-24T23:29:40.158Z,NaN,NaN,NaN,NaN,NaN,-0.11224365234375,-0.052001953125,-0.97833251953125,0,11244176,0
2025-04-24T23:29:40.164Z,NaN,NaN,NaN,NaN,NaN,-0.11224365234375,-0.052001953125,-0.97833251953125,0,11244176,0
2025-04-24T23:29:40.171Z,NaN,NaN,NaN,NaN,NaN,-0.11224365234375,-0.052001953125,-0.97833251953125,0,11244176,0
2025-04-24T23:29:40.181Z,NaN,NaN,NaN,NaN,NaN,-0.11224365234375,-0.052001953125,-0.97833251953125,0,11244176,0
2025-04-24T23:29:40.190Z,NaN,NaN,NaN,NaN,NaN,-0.11224365234375,-0.052001953125,-0.97833251953125,0,11244176,0
2025-04-24T23:29:40.197Z,NaN,NaN,NaN,NaN,NaN,-0.11224365234375,-0.052001953125,-0.97833251953125,0,11244176,0
2025-04-24T23:29:40.204Z,NaN,NaN,NaN,NaN,NaN,-0.11224365234375,-0.052001953125,-0.97833251953125,0,11244176,0
2025-04-24T23:29:40.218Z,NaN,NaN,NaN,NaN,NaN,-0.10870361328125,-0.0802001953125,-0.98895263671875,0,11249011,0
2025-04-24T23:29:40.226Z,NaN,NaN,NaN,NaN,NaN,-0.10870361328125,-0.0802001953125,-0.98895263671875,0,11249011,0
2025-04-24T23:29:40.232Z,NaN,NaN,NaN,NaN,NaN,-0.10870361328125,-0.0802001953125,-0.98895263671875,0,11249011,0
2025-04-24T23:29:40.239Z,NaN,NaN,NaN,NaN,NaN,-0.10870361328125,-0.0802001953125,-0.98895263671875,0,11249011,0
2025-04-24T23:29:40.246Z,NaN,NaN,NaN,NaN,NaN,-0.10870361328125,-0.0802001953125,-0.98895263671875,0,11249011,0
2025-04-24T23:29:40.256Z,NaN,NaN,NaN,NaN,NaN,-0.10870361328125,-0.0802001953125,-0.98895263671875,0,11249011,0
2025-04-24T23:29:40.263Z,NaN,NaN,NaN,NaN,NaN,-0.10870361328125,-0.0802001953125,-0.98895263671875,0,11249011,0
2025-04-24T23:29:40.270Z,NaN,NaN,NaN,NaN,NaN,-0.10870361328125,-0.0802001953125,-0.98895263671875,0,11249011,0
2025-04-24T23:29:40.276Z,NaN,NaN,NaN,NaN,NaN,-0.10870361328125,-0.0802001953125,-0.98895263671875,0,11249011,0
2025-04-24T23:29:40.285Z,NaN,NaN,NaN,NaN,NaN,-0.10870361328125,-0.0802001953125,-0.98895263671875,0,11249011,0
2025-04-24T23:29:40.291Z,NaN,NaN,NaN,NaN,NaN,-0.10870361328125,-0.0802001953125,-0.98895263671875,0,11249011,0
2025-04-24T23:29:40.298Z,NaN,NaN,NaN,NaN,NaN,-0.10870361328125,-0.0802001953125,-0.98895263671875,0,11249011,0
2025-04-24T23:29:40.306Z,NaN,NaN,NaN,NaN,NaN,-0.10467529296875,-0.06646728515625,-0.97357177734375,0,11249011,0
2025-04-24T23:29:40.314Z,NaN,NaN,NaN,NaN,NaN,-0.10467529296875,-0.06646728515625,-0.97357177734375,0,11249011,0
2025-04-24T23:29:40.322Z,NaN,NaN,NaN,NaN,NaN,-0.10467529296875,-0.06646728515625,-0.97357177734375,0,11249011,0
2025-04-24T23:29:40.331Z,NaN,NaN,NaN,NaN,NaN,-0.10467529296875,-0.06646728515625,-0.97357177734375,0,11249011,0
2025-04-24T23:29:40.338Z,NaN,NaN,NaN,NaN,NaN,-0.10467529296875,-0.06646728515625,-0.97357177734375,0,11249011,0
2025-04-24T23:29:40.346Z,NaN,NaN,NaN,NaN,NaN,-0.10467529296875,-0.06646728515625,-0.97357177734375,0,11249011,0
2025-04-24T23:29:40.352Z,NaN,NaN,NaN,NaN,NaN,-0.10467529296875,-0.06646728515625,-0.97357177734375,0,11249011,0
2025-04-24T23:29:40.360Z,NaN,NaN,NaN,NaN,NaN,-0.10467529296875,-0.06646728515625,-0.97357177734375,0,11249011,0
2025-04-24T23:29:40.366Z,NaN,NaN,NaN,NaN,NaN,-0.10467529296875,-0.06646728515625,-0.97357177734375,0,11249011,0
2025-04-24T23:29:40.377Z,NaN,NaN,NaN,NaN,NaN,-0.10467529296875,-0.06646728515625,-0.97357177734375,0,11249011,0
2025-04-24T23:29:40.386Z,NaN,NaN,NaN,NaN,NaN,-0.10467529296875,-0.06646728515625,-0.97357177734375,0,11249011,0
2025-04-24T23:29:40.393Z,NaN,NaN,NaN,NaN,NaN,-0.10467529296875,-0.06646728515625,-0.97357177734375,0,11249011,0
2025-04-24T23:29:40.401Z,NaN,NaN,NaN,NaN,NaN,-0.10467529296875,-0.06646728515625,-0.97357177734375,0,11237729,0
2025-04-24T23:29:40.408Z,NaN,NaN,NaN,NaN,NaN,-0.10467529296875,-0.06646728515625,-0.97357177734375,0,11237729,0
2025-04-24T23:29:40.415Z,NaN,NaN,NaN,NaN,NaN,-0.10467529296875,-0.06646728515625,-0.97357177734375,0,11237729,0
2025-04-24T23:29:40.423Z,NaN,NaN,NaN,NaN,NaN,-0.10467529296875,-0.06646728515625,-0.97357177734375,0,11237729,0
2025-04-24T23:29:40.429Z,NaN,NaN,NaN,NaN,NaN,-0.10467529296875,-0.06646728515625,-0.97357177734375,0,11237729,0
2025-04-24T23:29:40.439Z,NaN,NaN,NaN,NaN,NaN,-0.10467529296875,-0.06646728515625,-0.97357177734375,0,11237729,0
2025-04-24T23:29:40.463Z,NaN,NaN,NaN,NaN,NaN,-0.10467529296875,-0.06646728515625,-0.97357177734375,0,11237729,0
2025-04-24T23:29:40.484Z,NaN,NaN,NaN,NaN,NaN,-0.10467529296875,-0.06646728515625,-0.97357177734375,0,11237729,0
2025-04-24T23:29:40.494Z,NaN,NaN,NaN,NaN,NaN,-0.10467529296875,-0.06646728515625,-0.97357177734375,0,11237729,0
2025-04-24T23:29:40.515Z,NaN,NaN,NaN,NaN,NaN,-0.10467529296875,-0.06646728515625,-0.97357177734375,0,11237729,0
2025-04-24T23:29:40.521Z,NaN,NaN,NaN,NaN,NaN,-0.10467529296875,-0.06646728515625,-0.97357177734375,0,11237729,0
2025-04-24T23:29:40.529Z,NaN,NaN,NaN,NaN,NaN,-0.10467529296875,-0.06646728515625,-0.97357177734375,0,11237729,0
2025-04-24T23:29:40.538Z,NaN,NaN,NaN,NaN,NaN,-0.11474609375,-0.0535888671875,-0.97186279296875,0,11237729,0
2025-04-24T23:29:40.548Z,NaN,NaN,NaN,NaN,NaN,-0.11474609375,-0.0535888671875,-0.97186279296875,0,11237729,0
2025-04-24T23:29:40.561Z,NaN,NaN,NaN,NaN,NaN,-0.11474609375,-0.0535888671875,-0.97186279296875,0,11237729,0
2025-04-24T23:29:40.569Z,NaN,NaN,NaN,NaN,NaN,-0.11474609375,-0.0535888671875,-0.97186279296875,0,11237729,0
2025-04-24T23:29:40.578Z,NaN,NaN,NaN,NaN,NaN,-0.11474609375,-0.0535888671875,-0.97186279296875,0,11237729,0
2025-04-24T23:29:40.591Z,NaN,NaN,NaN,NaN,NaN,-0.11474609375,-0.0535888671875,-0.97186279296875,0,11237729,0
2025-04-24T23:29:40.601Z,NaN,NaN,NaN,NaN,NaN,-0.11474609375,-0.0535888671875,-0.97186279296875,0,11237729,0
2025-04-24T23:29:40.608Z,NaN,NaN,NaN,NaN,NaN,-0.11474609375,-0.0535888671875,-0.97186279296875,0,11237729,0
2025-04-24T23:29:40.616Z,NaN,NaN,NaN,NaN,NaN,-0.11474609375,-0.0535888671875,-0.97186279296875,0,11237729,0
2025-04-24T23:29:40.628Z,NaN,NaN,NaN,NaN,NaN,-0.11474609375,-0.0535888671875,-0.97186279296875,0,11237729,0
2025-04-24T23:29:40.637Z,NaN,NaN,NaN,NaN,NaN,-0.11474609375,-0.0535888671875,-0.97186279296875,0,11237729,0
2025-04-24T23:29:40.647Z,NaN,NaN,NaN,NaN,NaN,-0.11474609375,-0.0535888671875,-0.97186279296875,0,11237729,0
2025-04-24T23:29:40.658Z,NaN,NaN,NaN,NaN,NaN,-0.10302734375,-0.08074951171875,-0.979248046875,0,11246593,0
2025-04-24T23:29:40.667Z,NaN,NaN,NaN,NaN,NaN,-0.10302734375,-0.08074951171875,-0.979248046875,0,11246593,0
2025-04-24T23:29:40.674Z,NaN,NaN,NaN,NaN,NaN,-0.10302734375,-0.08074951171875,-0.979248046875,0,11246593,0
2025-04-24T23:29:40.682Z,NaN,NaN,NaN,NaN,NaN,-0.10302734375,-0.08074951171875,-0.979248046875,0,11246593,0
2025-04-24T23:29:40.692Z,NaN,NaN,NaN,NaN,NaN,-0.10302734375,-0.08074951171875,-0.979248046875,0,11246593,0
2025-04-24T23:29:40.702Z,NaN,NaN,NaN,NaN,NaN,-0.10302734375,-0.08074951171875,-0.979248046875,0,11246593,0
2025-04-24T23:29:40.715Z,NaN,NaN,NaN,NaN,NaN,-0.10302734375,-0.08074951171875,-0.979248046875,0,11246593,0
2025-04-24T23:29:40.721Z,NaN,NaN,NaN,NaN,NaN,-0.10302734375,-0.08074951171875,-0.979248046875,0,11246593,0
2025-04-24T23:29:40.727Z,NaN,NaN,NaN,NaN,NaN,-0.10302734375,-0.08074951171875,-0.979248046875,0,11246593,0
2025-04-24T23:29:40.734Z,NaN,NaN,NaN,NaN,NaN,-0.10302734375,-0.08074951171875,-0.979248046875,0,11246593,0
2025-04-24T23:29:40.741Z,NaN,NaN,NaN,NaN,NaN,-0.10302734375,-0.08074951171875,-0.979248046875,0,11246593,0
2025-04-24T23:29:40.746Z,NaN,NaN,NaN,NaN,NaN,-0.10302734375,-0.08074951171875,-0.979248046875,0,11246593,0
2025-04-24T23:29:40.753Z,NaN,NaN,NaN,NaN,NaN,-0.11474609375,-0.0521240234375,-0.97296142578125,0,11246593,0
2025-04-24T23:29:40.759Z,NaN,NaN,NaN,NaN,NaN,-0.11474609375,-0.0521240234375,-0.97296142578125,0,11246593,0
2025-04-24T23:29:40.768Z,NaN,NaN,NaN,NaN,NaN,-0.11474609375,-0.0521240234375,-0.97296142578125,0,11246593,0
2025-04-24T23:29:40.774Z,NaN,NaN,NaN,NaN,NaN,-0.11474609375,-0.0521240234375,-0.97296142578125,0,11246593,0
2025-04-24T23:29:40.780Z,NaN,NaN,NaN,NaN,NaN,-0.11474609375,-0.0521240234375,-0.97296142578125,0,11246593,0
2025-04-24T23:29:40.787Z,NaN,NaN,NaN,NaN,NaN,-0.11474609375,-0.0521240234375,-0.97296142578125,0,11246593,0
2025-04-24T23:29:40.796Z,NaN,NaN,NaN,NaN,NaN,-0.11474609375,-0.0521240234375,-0.97296142578125,0,11246593,0
2025-04-24T23:29:40.802Z,NaN,NaN,NaN,NaN,NaN,-0.11474609375,-0.0521240234375,-0.97296142578125,0,11246593,0
2025-04-24T23:29:40.809Z,NaN,NaN,NaN,NaN,NaN,-0.11474609375,-0.0521240234375,-0.97296142578125,0,11246593,0
2025-04-24T23:29:40.815Z,NaN,NaN,NaN,NaN,NaN,-0.11474609375,-0.0521240234375,-0.97296142578125,0,11246593,0
2025-04-24T23:29:40.822Z,NaN,NaN,NaN,NaN,NaN,-0.11474609375,-0.0521240234375,-0.97296142578125,0,11246593,0
2025-04-24T23:29:40.831Z,NaN,NaN,NaN,NaN,NaN,-0.11474609375,-0.0521240234375,-0.97296142578125,0,11246593,0
2025-04-24T23:29:40.842Z,NaN,NaN,NaN,NaN,NaN,-0.102783203125,-0.08221435546875,-0.97576904296875,0,11249011,0
2025-04-24T23:29:40.849Z,NaN,NaN,NaN,NaN,NaN,-0.102783203125,-0.08221435546875,-0.97576904296875,0,11249011,0
2025-04-24T23:29:40.858Z,NaN,NaN,NaN,NaN,NaN,-0.102783203125,-0.08221435546875,-0.97576904296875,0,11249011,0
2025-04-24T23:29:40.864Z,NaN,NaN,NaN,NaN,NaN,-0.102783203125,-0.08221435546875,-0.97576904296875,0,11249011,0
2025-04-24T23:29:40.871Z,NaN,NaN,NaN,NaN,NaN,-0.102783203125,-0.08221435546875,-0.97576904296875,0,11249011,0
2025-04-24T23:29:40.880Z,NaN,NaN,NaN,NaN,NaN,-0.102783203125,-0.08221435546875,-0.97576904296875,0,11249011,0
2025-04-24T23:29:40.889Z,NaN,NaN,NaN,NaN,NaN,-0.102783203125,-0.08221435546875,-0.97576904296875,0,11249011,0
2025-04-24T23:29:40.895Z,NaN,NaN,NaN,NaN,NaN,-0.102783203125,-0.08221435546875,-0.97576904296875,0,11249011,0
2025-04-24T23:29:40.902Z,NaN,NaN,NaN,NaN,NaN,-0.102783203125,-0.08221435546875,-0.97576904296875,0,11249011,0
2025-04-24T23:29:40.909Z,NaN,NaN,NaN,NaN,NaN,-0.102783203125,-0.08221435546875,-0.97576904296875,0,11249011,0
2025-04-24T23:29:40.917Z,NaN,NaN,NaN,NaN,NaN,-0.102783203125,-0.08221435546875,-0.97576904296875,0,11249011,0
2025-04-24T23:29:40.924Z,NaN,NaN,NaN,NaN,NaN,-0.102783203125,-0.08221435546875,-0.97576904296875,0,11249011,0
2025-04-24T23:29:40.931Z,NaN,NaN,NaN,NaN,NaN,-0.102783203125,-0.08221435546875,-0.97576904296875,0,11249011,0
2025-04-24T23:29:40.939Z,NaN,NaN,NaN,NaN,NaN,-0.102783203125,-0.08221435546875,-0.97576904296875,0,11249011,0
2025-04-24T23:29:40.950Z,NaN,NaN,NaN,NaN,NaN,-0.102783203125,-0.08221435546875,-0.97576904296875,0,11249011,0
2025-04-24T23:29:40.959Z,NaN,NaN,NaN,NaN,NaN,-0.102783203125,-0.08221435546875,-0.97576904296875,0,11249011,0
2025-04-24T23:29:40.970Z,NaN,NaN,NaN,NaN,NaN,-0.102783203125,-0.08221435546875,-0.97576904296875,0,11249011,0
2025-04-24T23:29:40.981Z,NaN,NaN,NaN,NaN,NaN,-0.102783203125,-0.08221435546875,-0.97576904296875,0,11249011,0
2025-04-24T23:29:40.989Z,NaN,NaN,NaN,NaN,NaN,-0.102783203125,-0.08221435546875,-0.97576904296875,0,11249011,0
2025-04-24T23:29:40.997Z,NaN,NaN,NaN,NaN,NaN,-0.102783203125,-0.08221435546875,-0.97576904296875,0,11249011,0
2025-04-24T23:29:41.004Z,NaN,NaN,NaN,NaN,NaN,-0.102783203125,-0.08221435546875,-0.97576904296875,0,11249011,0
2025-04-24T23:29:41.013Z,NaN,NaN,NaN,NaN,NaN,-0.102783203125,-0.08221435546875,-0.97576904296875,0,11249011,0
2025-04-24T23:29:41.026Z,NaN,NaN,NaN,NaN,NaN,-0.102783203125,-0.08221435546875,-0.97576904296875,0,11249011,0
2025-04-24T23:29:41.036Z,NaN,NaN,NaN,NaN,NaN,-0.102783203125,-0.08221435546875,-0.97576904296875,0,11249011,0
2025-04-24T23:29:41.047Z,NaN,NaN,NaN,NaN,NaN,-0.109375,-0.064453125,-0.97796630859375,0,11257070,0
2025-04-24T23:29:41.053Z,NaN,NaN,NaN,NaN,NaN,-0.109375,-0.064453125,-0.97796630859375,0,11257070,0
2025-04-24T23:29:41.062Z,NaN,NaN,NaN,NaN,NaN,-0.109375,-0.064453125,-0.97796630859375,0,11257070,0
2025-04-24T23:29:41.068Z,NaN,NaN,NaN,NaN,NaN,-0.109375,-0.064453125,-0.97796630859375,0,11257070,0
2025-04-24T23:29:41.074Z,NaN,NaN,NaN,NaN,NaN,-0.109375,-0.064453125,-0.97796630859375,0,11257070,0
2025-04-24T23:29:41.081Z,NaN,NaN,NaN,NaN,NaN,-0.109375,-0.064453125,-0.97796630859375,0,11257070,0
2025-04-24T23:29:41.088Z,NaN,NaN,NaN,NaN,NaN,-0.109375,-0.064453125,-0.97796630859375,0,11257070,0
2025-04-24T23:29:41.095Z,NaN,NaN,NaN,NaN,NaN,-0.109375,-0.064453125,-0.97796630859375,0,11257070,0
2025-04-24T23:29:41.103Z,NaN,NaN,NaN,NaN,NaN,-0.109375,-0.064453125,-0.97796630859375,0,11257070,0
2025-04-24T23:29:41.110Z,NaN,NaN,NaN,NaN,NaN,-0.109375,-0.064453125,-0.97796630859375,0,11257070,0
2025-04-24T23:29:41.117Z,NaN,NaN,NaN,NaN,NaN,-0.109375,-0.064453125,-0.97796630859375,0,11257070,0
2025-04-24T23:29:41.124Z,NaN,NaN,NaN,NaN,NaN,-0.109375,-0.064453125,-0.97796630859375,0,11257070,0
2025-04-24T23:29:41.130Z,NaN,NaN,NaN,NaN,NaN,-0.1075439453125,-0.0745849609375,-0.9808349609375,0,11257070,0
2025-04-24T23:29:41.138Z,NaN,NaN,NaN,NaN,NaN,-0.1075439453125,-0.0745849609375,-0.9808349609375,0,11257070,0
2025-04-24T23:29:41.144Z,NaN,NaN,NaN,NaN,NaN,-0.1075439453125,-0.0745849609375,-0.9808349609375,0,11257070,0
2025-04-24T23:29:41.151Z,NaN,NaN,NaN,NaN,NaN,-0.1075439453125,-0.0745849609375,-0.9808349609375,0,11257070,0
2025-04-24T23:29:41.157Z,NaN,NaN,NaN,NaN,NaN,-0.1075439453125,-0.0745849609375,-0.9808349609375,0,11257070,0
2025-04-24T23:29:41.163Z,NaN,NaN,NaN,NaN,NaN,-0.1075439453125,-0.0745849609375,-0.9808349609375,0,11257070,0
2025-04-24T23:29:41.170Z,NaN,NaN,NaN,NaN,NaN,-0.1075439453125,-0.0745849609375,-0.9808349609375,0,11257070,0
2025-04-24T23:29:41.178Z,NaN,NaN,NaN,NaN,NaN,-0.1075439453125,-0.0745849609375,-0.9808349609375,0,11257070,0
2025-04-24T23:29:41.185Z,NaN,NaN,NaN,NaN,NaN,-0.1075439453125,-0.0745849609375,-0.9808349609375,0,11257070,0
2025-04-24T23:29:41.192Z,NaN,NaN,NaN,NaN,NaN,-0.1075439453125,-0.0745849609375,-0.9808349609375,0,11257070,0
2025-04-24T23:29:41.198Z,NaN,NaN,NaN,NaN,NaN,-0.1075439453125,-0.0745849609375,-0.9808349609375,0,11257070,0
2025-04-24T23:29:41.205Z,NaN,NaN,NaN,NaN,NaN,-0.1075439453125,-0.0745849609375,-0.9808349609375,0,11257070,0
2025-04-24T23:29:41.214Z,NaN,NaN,NaN,NaN,NaN,-0.10772705078125,-0.07171630859375,-0.97540283203125,0,11244982,0
2025-04-24T23:29:41.221Z,NaN,NaN,NaN,NaN,NaN,-0.10772705078125,-0.07171630859375,-0.97540283203125,0,11244982,0
2025-04-24T23:29:41.227Z,NaN,NaN,NaN,NaN,NaN,-0.10772705078125,-0.07171630859375,-0.97540283203125,0,11244982,0
2025-04-24T23:29:41.235Z,NaN,NaN,NaN,NaN,NaN,-0.10772705078125,-0.07171630859375,-0.97540283203125,0,11244982,0
2025-04-24T23:29:41.241Z,NaN,NaN,NaN,NaN,NaN,-0.10772705078125,-0.07171630859375,-0.97540283203125,0,11244982,0
2025-04-24T23:29:41.253Z,NaN,NaN,NaN,NaN,NaN,-0.10772705078125,-0.07171630859375,-0.97540283203125,0,11244982,0
2025-04-24T23:29:41.260Z,NaN,NaN,NaN,NaN,NaN,-0.10772705078125,-0.07171630859375,-0.97540283203125,0,11244982,0
2025-04-24T23:29:41.268Z,NaN,NaN,NaN,NaN,NaN,-0.10772705078125,-0.07171630859375,-0.97540283203125,0,11244982,0
2025-04-24T23:29:41.275Z,NaN,NaN,NaN,NaN,NaN,-0.10772705078125,-0.07171630859375,-0.97540283203125,0,11244982,0
2025-04-24T23:29:41.281Z,NaN,NaN,NaN,NaN,NaN,-0.10772705078125,-0.07171630859375,-0.97540283203125,0,11244982,0
2025-04-24T23:29:41.287Z,NaN,NaN,NaN,NaN,NaN,-0.10772705078125,-0.07171630859375,-0.97540283203125,0,11244982,0
2025-04-24T23:29:41.296Z,NaN,NaN,NaN,NaN,NaN,-0.10772705078125,-0.07171630859375,-0.97540283203125,0,11244982,0
2025-04-24T23:29:41.303Z,NaN,NaN,NaN,NaN,NaN,-0.10540771484375,-0.061767578125,-0.977783203125,0,11244982,0
2025-04-24T23:29:41.310Z,NaN,NaN,NaN,NaN,NaN,-0.10540771484375,-0.061767578125,-0.977783203125,0,11244982,0
2025-04-24T23:29:41.316Z,NaN,NaN,NaN,NaN,NaN,-0.10540771484375,-0.061767578125,-0.977783203125,0,11244982,0
2025-04-24T23:29:41.324Z,NaN,NaN,NaN,NaN,NaN,-0.10540771484375,-0.061767578125,-0.977783203125,0,11244982,0
2025-04-24T23:29:41.330Z,NaN,NaN,NaN,NaN,NaN,-0.10540771484375,-0.061767578125,-0.977783203125,0,11244982,0
2025-04-24T23:29:41.337Z,NaN,NaN,NaN,NaN,NaN,-0.10540771484375,-0.061767578125,-0.977783203125,0,11244982,0
2025-04-24T23:29:41.343Z,NaN,NaN,NaN,NaN,NaN,-0.10540771484375,-0.061767578125,-0.977783203125,0,11244982,0
2025-04-24T23:29:41.351Z,NaN,NaN,NaN,NaN,NaN,-0.10540771484375,-0.061767578125,-0.977783203125,0,11244982,0
2025-04-24T23:29:41.357Z,NaN,NaN,NaN,NaN,NaN,-0.10540771484375,-0.061767578125,-0.977783203125,0,11244982,0
2025-04-24T23:29:41.363Z,NaN,NaN,NaN,NaN,NaN,-0.10540771484375,-0.061767578125,-0.977783203125,0,11244982,0
2025-04-24T23:29:41.369Z,NaN,NaN,NaN,NaN,NaN,-0.10540771484375,-0.061767578125,-0.977783203125,0,11244982,0
2025-04-24T23:29:41.377Z,NaN,NaN,NaN,NaN,NaN,-0.10540771484375,-0.061767578125,-0.977783203125,0,11244982,0
2025-04-24T23:29:41.385Z,NaN,NaN,NaN,NaN,NaN,-0.10540771484375,-0.061767578125,-0.977783203125,0,11262711,0
2025-04-24T23:29:41.392Z,NaN,NaN,NaN,NaN,NaN,-0.10540771484375,-0.061767578125,-0.977783203125,0,11262711,0
2025-04-24T23:29:41.398Z,NaN,NaN,NaN,NaN,NaN,-0.10540771484375,-0.061767578125,-0.977783203125,0,11262711,0
2025-04-24T23:29:41.405Z,NaN,NaN,NaN,NaN,NaN,-0.10540771484375,-0.061767578125,-0.977783203125,0,11262711,0
2025-04-24T23:29:41.412Z,NaN,NaN,NaN,NaN,NaN,-0.10540771484375,-0.061767578125,-0.977783203125,0,11262711,0
2025-04-24T23:29:41.419Z,NaN,NaN,NaN,NaN,NaN,-0.10540771484375,-0.061767578125,-0.977783203125,0,11262711,0
2025-04-24T23:29:41.425Z,NaN,NaN,NaN,NaN,NaN,-0.10540771484375,-0.061767578125,-0.977783203125,0,11262711,0
2025-04-24T23:29:41.432Z,NaN,NaN,NaN,NaN,NaN,-0.10540771484375,-0.061767578125,-0.977783203125,0,11262711,0
2025-04-24T23:29:41.440Z,NaN,NaN,NaN,NaN,NaN,-0.10540771484375,-0.061767578125,-0.977783203125,0,11262711,0
2025-04-24T23:29:41.449Z,NaN,NaN,NaN,NaN,NaN,-0.10540771484375,-0.061767578125,-0.977783203125,0,11262711,0
2025-04-24T23:29:41.455Z,NaN,NaN,NaN,NaN,NaN,-0.10540771484375,-0.061767578125,-0.977783203125,0,11262711,0
2025-04-24T23:29:41.463Z,NaN,NaN,NaN,NaN,NaN,-0.10540771484375,-0.061767578125,-0.977783203125,0,11262711,0
2025-04-24T23:29:41.473Z,NaN,NaN,NaN,NaN,NaN,-0.11138916015625,-0.0775146484375,-0.9696044921875,0,11262711,0
2025-04-24T23:29:41.483Z,NaN,NaN,NaN,NaN,NaN,-0.11138916015625,-0.0775146484375,-0.9696044921875,0,11262711,0
2025-04-24T23:29:41.489Z,NaN,NaN,NaN,NaN,NaN,-0.11138916015625,-0.0775146484375,-0.9696044921875,0,11262711,0
2025-04-24T23:29:41.496Z,NaN,NaN,NaN,NaN,NaN,-0.11138916015625,-0.0775146484375,-0.9696044921875,0,11262711,0
2025-04-24T23:29:41.504Z,NaN,NaN,NaN,NaN,NaN,-0.11138916015625,-0.0775146484375,-0.9696044921875,0,11262711,0
2025-04-24T23:29:41.510Z,NaN,NaN,NaN,NaN,NaN,-0.11138916015625,-0.0775146484375,-0.9696044921875,0,11262711,0
2025-04-24T23:29:41.517Z,NaN,NaN,NaN,NaN,NaN,-0.11138916015625,-0.0775146484375,-0.9696044921875,0,11262711,0
2025-04-24T23:29:41.525Z,NaN,NaN,NaN,NaN,NaN,-0.11138916015625,-0.0775146484375,-0.9696044921875,0,11262711,0
2025-04-24T23:29:41.532Z,NaN,NaN,NaN,NaN,NaN,-0.11138916015625,-0.0775146484375,-0.9696044921875,0,11262711,0
2025-04-24T23:29:41.538Z,NaN,NaN,NaN,NaN,NaN,-0.11138916015625,-0.0775146484375,-0.9696044921875,0,11262711,0
2025-04-24T23:29:41.545Z,NaN,NaN,NaN,NaN,NaN,-0.11138916015625,-0.0775146484375,-0.9696044921875,0,11262711,0
2025-04-24T23:29:41.551Z,NaN,NaN,NaN,NaN,NaN,-0.11138916015625,-0.0775146484375,-0.9696044921875,0,11262711,0
2025-04-24T23:29:41.562Z,NaN,NaN,NaN,NaN,NaN,-0.103759765625,-0.060546875,-0.97454833984375,0,11235311,0
2025-04-24T23:29:41.569Z,NaN,NaN,NaN,NaN,NaN,-0.103759765625,-0.060546875,-0.97454833984375,0,11235311,0
2025-04-24T23:29:41.575Z,NaN,NaN,NaN,NaN,NaN,-0.103759765625,-0.060546875,-0.97454833984375,0,11235311,0
2025-04-24T23:29:41.581Z,NaN,NaN,NaN,NaN,NaN,-0.103759765625,-0.060546875,-0.97454833984375,0,11235311,0
2025-04-24T23:29:41.589Z,NaN,NaN,NaN,NaN,NaN,-0.103759765625,-0.060546875,-0.97454833984375,0,11235311,0
2025-04-24T23:29:41.595Z,NaN,NaN,NaN,NaN,NaN,-0.103759765625,-0.060546875,-0.97454833984375,0,11235311,0
2025-04-24T23:29:41.602Z,NaN,NaN,NaN,NaN,NaN,-0.103759765625,-0.060546875,-0.97454833984375,0,11235311,0
2025-04-24T23:29:41.609Z,NaN,NaN,NaN,NaN,NaN,-0.103759765625,-0.060546875,-0.97454833984375,0,11235311,0
2025-04-24T23:29:41.617Z,NaN,NaN,NaN,NaN,NaN,-0.103759765625,-0.060546875,-0.97454833984375,0,11235311,0
2025-04-24T23:29:41.623Z,NaN,NaN,NaN,NaN,NaN,-0.103759765625,-0.060546875,-0.97454833984375,0,11235311,0
2025-04-24T23:29:41.629Z,NaN,NaN,NaN,NaN,NaN,-0.103759765625,-0.060546875,-0.97454833984375,0,11235311,0
2025-04-24T23:29:41.637Z,NaN,NaN,NaN,NaN,NaN,-0.103759765625,-0.060546875,-0.97454833984375,0,11235311,0
2025-04-24T23:29:41.645Z,NaN,NaN,NaN,NaN,NaN,-0.102294921875,-0.07891845703125,-0.978759765625,0,11235311,0
2025-04-24T23:29:41.652Z,NaN,NaN,NaN,NaN,NaN,-0.102294921875,-0.07891845703125,-0.978759765625,0,11235311,0
2025-04-24T23:29:41.660Z,NaN,NaN,NaN,NaN,NaN,-0.102294921875,-0.07891845703125,-0.978759765625,0,11235311,0
2025-04-24T23:29:41.667Z,NaN,NaN,NaN,NaN,NaN,-0.102294921875,-0.07891845703125,-0.978759765625,0,11235311,0
2025-04-24T23:29:41.674Z,NaN,NaN,NaN,NaN,NaN,-0.102294921875,-0.07891845703125,-0.978759765625,0,11235311,0
2025-04-24T23:29:41.681Z,NaN,NaN,NaN,NaN,NaN,-0.102294921875,-0.07891845703125,-0.978759765625,0,11235311,0
2025-04-24T23:29:41.688Z,NaN,NaN,NaN,NaN,NaN,-0.102294921875,-0.07891845703125,-0.978759765625,0,11235311,0
2025-04-24T23:29:41.694Z,NaN,NaN,NaN,NaN,NaN,-0.102294921875,-0.07891845703125,-0.978759765625,0,11235311,0
2025-04-24T23:29:41.701Z,NaN,NaN,NaN,NaN,NaN,-0.102294921875,-0.07891845703125,-0.978759765625,0,11235311,0
2025-04-24T23:29:41.709Z,NaN,NaN,NaN,NaN,NaN,-0.102294921875,-0.07891845703125,-0.978759765625,0,11235311,0
2025-04-24T23:29:41.716Z,NaN,NaN,NaN,NaN,NaN,-0.102294921875,-0.07891845703125,-0.978759765625,0,11235311,0
2025-04-24T23:29:41.723Z,NaN,NaN,NaN,NaN,NaN,-0.102294921875,-0.07891845703125,-0.978759765625,0,11235311,0
2025-04-24T23:29:41.732Z,NaN,NaN,NaN,NaN,NaN,-0.102294921875,-0.07891845703125,-0.978759765625,0,11241758,0
2025-04-24T23:29:41.740Z,NaN,NaN,NaN,NaN,NaN,-0.102294921875,-0.07891845703125,-0.978759765625,0,11241758,0
2025-04-24T23:29:41.746Z,NaN,NaN,NaN,NaN,NaN,-0.102294921875,-0.07891845703125,-0.978759765625,0,11241758,0
2025-04-24T23:29:41.753Z,NaN,NaN,NaN,NaN,NaN,-0.102294921875,-0.07891845703125,-0.978759765625,0,11241758,0
2025-04-24T23:29:41.760Z,NaN,NaN,NaN,NaN,NaN,-0.102294921875,-0.07891845703125,-0.978759765625,0,11241758,0
2025-04-24T23:29:41.767Z,NaN,NaN,NaN,NaN,NaN,-0.102294921875,-0.07891845703125,-0.978759765625,0,11241758,0
2025-04-24T23:29:41.774Z,NaN,NaN,NaN,NaN,NaN,-0.102294921875,-0.07891845703125,-0.978759765625,0,11241758,0
2025-04-24T23:29:41.780Z,NaN,NaN,NaN,NaN,NaN,-0.102294921875,-0.07891845703125,-0.978759765625,0,11241758,0
2025-04-24T23:29:41.787Z,NaN,NaN,NaN,NaN,NaN,-0.102294921875,-0.07891845703125,-0.978759765625,0,11241758,0
2025-04-24T23:29:41.796Z,NaN,NaN,NaN,NaN,NaN,-0.102294921875,-0.07891845703125,-0.978759765625,0,11241758,0
2025-04-24T23:29:41.802Z,NaN,NaN,NaN,NaN,NaN,-0.102294921875,-0.07891845703125,-0.978759765625,0,11241758,0
2025-04-24T23:29:41.809Z,NaN,NaN,NaN,NaN,NaN,-0.102294921875,-0.07891845703125,-0.978759765625,0,11241758,0
2025-04-24T23:29:41.816Z,NaN,NaN,NaN,NaN,NaN,-0.11175537109375,-0.0631103515625,-0.981201171875,0,11241758,0
2025-04-24T23:29:41.824Z,NaN,NaN,NaN,NaN,NaN,-0.11175537109375,-0.0631103515625,-0.981201171875,0,11241758,0
2025-04-24T23:29:41.834Z,NaN,NaN,NaN,NaN,NaN,-0.11175537109375,-0.0631103515625,-0.981201171875,0,11241758,0
2025-04-24T23:29:41.843Z,NaN,NaN,NaN,NaN,NaN,-0.11175537109375,-0.0631103515625,-0.981201171875,0,11241758,0
2025-04-24T23:29:41.849Z,NaN,NaN,NaN,NaN,NaN,-0.11175537109375,-0.0631103515625,-0.981201171875,0,11241758,0
2025-04-24T23:29:41.856Z,NaN,NaN,NaN,NaN,NaN,-0.11175537109375,-0.0631103515625,-0.981201171875,0,11241758,0
2025-04-24T23:29:41.863Z,NaN,NaN,NaN,NaN,NaN,-0.11175537109375,-0.0631103515625,-0.981201171875,0,11241758,0
2025-04-24T23:29:41.870Z,NaN,NaN,NaN,NaN,NaN,-0.11175537109375,-0.0631103515625,-0.981201171875,0,11241758,0
2025-04-24T23:29:41.877Z,NaN,NaN,NaN,NaN,NaN,-0.11175537109375,-0.0631103515625,-0.981201171875,0,11241758,0
2025-04-24T23:29:41.885Z,NaN,NaN,NaN,NaN,NaN,-0.11175537109375,-0.0631103515625,-0.981201171875,0,11241758,0
2025-04-24T23:29:41.892Z,NaN,NaN,NaN,NaN,NaN,-0.11175537109375,-0.0631103515625,-0.981201171875,0,11241758,0
2025-04-24T23:29:41.899Z,NaN,NaN,NaN,NaN,NaN,-0.11175537109375,-0.0631103515625,-0.981201171875,0,11241758,0
2025-04-24T23:29:41.908Z,NaN,NaN,NaN,NaN,NaN,-0.10333251953125,-0.07464599609375,-0.97967529296875,0,11256264,0
2025-04-24T23:29:41.917Z,NaN,NaN,NaN,NaN,NaN,-0.10333251953125,-0.07464599609375,-0.97967529296875,0,11256264,0
2025-04-24T23:29:41.923Z,NaN,NaN,NaN,NaN,NaN,-0.10333251953125,-0.07464599609375,-0.97967529296875,0,11256264,0
2025-04-24T23:29:41.930Z,NaN,NaN,NaN,NaN,NaN,-0.10333251953125,-0.07464599609375,-0.97967529296875,0,11256264,0
2025-04-24T23:29:41.936Z,NaN,NaN,NaN,NaN,NaN,-0.10333251953125,-0.07464599609375,-0.97967529296875,0,11256264,0
2025-04-24T23:29:41.944Z,NaN,NaN,NaN,NaN,NaN,-0.10333251953125,-0.07464599609375,-0.97967529296875,0,11256264,0
2025-04-24T23:29:41.951Z,NaN,NaN,NaN,NaN,NaN,-0.10333251953125,-0.07464599609375,-0.97967529296875,0,11256264,0
2025-04-24T23:29:41.957Z,NaN,NaN,NaN,NaN,NaN,-0.10333251953125,-0.07464599609375,-0.97967529296875,0,11256264,0
2025-04-24T23:29:41.963Z,NaN,NaN,NaN,NaN,NaN,-0.10333251953125,-0.07464599609375,-0.97967529296875,0,11256264,0
2025-04-24T23:29:41.971Z,NaN,NaN,NaN,NaN,NaN,-0.10333251953125,-0.07464599609375,-0.97967529296875,0,11256264,0
2025-04-24T23:29:41.977Z,NaN,NaN,NaN,NaN,NaN,-0.10333251953125,-0.07464599609375,-0.97967529296875,0,11256264,0
2025-04-24T23:29:41.985Z,NaN,NaN,NaN,NaN,NaN,-0.10333251953125,-0.07464599609375,-0.97967529296875,0,11256264,0
2025-04-24T23:29:41.993Z,NaN,NaN,NaN,NaN,NaN,-0.11083984375,-0.064208984375,-0.978271484375,0,11256264,0
2025-04-24T23:29:42.000Z,NaN,NaN,NaN,NaN,NaN,-0.11083984375,-0.064208984375,-0.978271484375,0,11256264,0
2025-04-24T23:29:42.008Z,NaN,NaN,NaN,NaN,NaN,-0.11083984375,-0.064208984375,-0.978271484375,0,11256264,0
2025-04-24T23:29:42.016Z,NaN,NaN,NaN,NaN,NaN,-0.11083984375,-0.064208984375,-0.978271484375,0,11256264,0
2025-04-24T23:29:42.023Z,NaN,NaN,NaN,NaN,NaN,-0.11083984375,-0.064208984375,-0.978271484375,0,11256264,0
2025-04-24T23:29:42.029Z,NaN,NaN,NaN,NaN,NaN,-0.11083984375,-0.064208984375,-0.978271484375,0,11256264,0
2025-04-24T23:29:42.037Z,NaN,NaN,NaN,NaN,NaN,-0.11083984375,-0.064208984375,-0.978271484375,0,11256264,0
2025-04-24T23:29:42.044Z,NaN,NaN,NaN,NaN,NaN,-0.11083984375,-0.064208984375,-0.978271484375,0,11256264,0
2025-04-24T23:29:42.051Z,NaN,NaN,NaN,NaN,NaN,-0.11083984375,-0.064208984375,-0.978271484375,0,11256264,0
2025-04-24T23:29:42.057Z,NaN,NaN,NaN,NaN,NaN,-0.11083984375,-0.064208984375,-0.978271484375,0,11256264,0
2025-04-24T23:29:42.065Z,NaN,NaN,NaN,NaN,NaN,-0.11083984375,-0.064208984375,-0.978271484375,0,11256264,0
2025-04-24T23:29:42.072Z,NaN,NaN,NaN,NaN,NaN,-0.11083984375,-0.064208984375,-0.978271484375,0,11256264,0
2025-04-24T23:29:42.081Z,NaN,NaN,NaN,NaN,NaN,-0.106689453125,-0.0704345703125,-0.9744873046875,0,11285275,0
2025-04-24T23:29:42.087Z,NaN,NaN,NaN,NaN,NaN,-0.106689453125,-0.0704345703125,-0.9744873046875,0,11285275,0
2025-04-24T23:29:42.096Z,NaN,NaN,NaN,NaN,NaN,-0.106689453125,-0.0704345703125,-0.9744873046875,0,11285275,0
2025-04-24T23:29:42.103Z,NaN,NaN,NaN,NaN,NaN,-0.106689453125,-0.0704345703125,-0.9744873046875,0,11285275,0
2025-04-24T23:29:42.110Z,NaN,NaN,NaN,NaN,NaN,-0.106689453125,-0.0704345703125,-0.9744873046875,0,11285275,0
2025-04-24T23:29:42.117Z,NaN,NaN,NaN,NaN,NaN,-0.106689453125,-0.0704345703125,-0.9744873046875,0,11285275,0
2025-04-24T23:29:42.125Z,NaN,NaN,NaN,NaN,NaN,-0.106689453125,-0.0704345703125,-0.9744873046875,0,11285275,0
2025-04-24T23:29:42.133Z,NaN,NaN,NaN,NaN,NaN,-0.106689453125,-0.0704345703125,-0.9744873046875,0,11285275,0
2025-04-24T23:29:42.139Z,NaN,NaN,NaN,NaN,NaN,-0.106689453125,-0.0704345703125,-0.9744873046875,0,11285275,0
2025-04-24T23:29:42.146Z,NaN,NaN,NaN,NaN,NaN,-0.106689453125,-0.0704345703125,-0.9744873046875,0,11285275,0
2025-04-24T23:29:42.154Z,NaN,NaN,NaN,NaN,NaN,-0.106689453125,-0.0704345703125,-0.9744873046875,0,11285275,0
2025-04-24T23:29:42.161Z,NaN,NaN,NaN,NaN,NaN,-0.106689453125,-0.0704345703125,-0.9744873046875,0,11285275,0
2025-04-24T23:29:42.167Z,NaN,NaN,NaN,NaN,NaN,-0.106689453125,-0.0704345703125,-0.9744873046875,0,11285275,0
2025-04-24T23:29:42.173Z,NaN,NaN,NaN,NaN,NaN,-0.106689453125,-0.0704345703125,-0.9744873046875,0,11285275,0
2025-04-24T23:29:42.181Z,NaN,NaN,NaN,NaN,NaN,-0.106689453125,-0.0704345703125,-0.9744873046875,0,11285275,0
2025-04-24T23:29:42.187Z,NaN,NaN,NaN,NaN,NaN,-0.106689453125,-0.0704345703125,-0.9744873046875,0,11285275,0
2025-04-24T23:29:42.194Z,NaN,NaN,NaN,NaN,NaN,-0.106689453125,-0.0704345703125,-0.9744873046875,0,11285275,0
2025-04-24T23:29:42.200Z,NaN,NaN,NaN,NaN,NaN,-0.106689453125,-0.0704345703125,-0.9744873046875,0,11285275,0
2025-04-24T23:29:42.210Z,NaN,NaN,NaN,NaN,NaN,-0.106689453125,-0.0704345703125,-0.9744873046875,0,11285275,0
2025-04-24T23:29:42.216Z,NaN,NaN,NaN,NaN,NaN,-0.106689453125,-0.0704345703125,-0.9744873046875,0,11285275,0
2025-04-24T23:29:42.222Z,NaN,NaN,NaN,NaN,NaN,-0.106689453125,-0.0704345703125,-0.9744873046875,0,11285275,0
2025-04-24T23:29:42.229Z,NaN,NaN,NaN,NaN,NaN,-0.106689453125,-0.0704345703125,-0.9744873046875,0,11285275,0
2025-04-24T23:29:42.239Z,NaN,NaN,NaN,NaN,NaN,-0.106689453125,-0.0704345703125,-0.9744873046875,0,11285275,0
2025-04-24T23:29:42.247Z,NaN,NaN,NaN,NaN,NaN,-0.106689453125,-0.0704345703125,-0.9744873046875,0,11285275,0
